"Ticker";"Sector";"Sector_ETF";"Price";"ATR_pct";"Long_Score";"Long_Signal";"Long_Entry";"Long_Stop";"Long_Target";"Short_Score";"Short_Signal";"Short_Entry";"Short_Stop";"Short_Target";"BOT_Score";"BOT_Setup";"BOT_Breakout";"BOT_Squeeze";"BOT_VolDec";"BOT_VolSurge";"BOT_Flags";"ADX10";"RSI14";"RSI_slope";"MA50_dist";"OBV_rising";"UpDn_ratio";"RS_vs_ETF";"Macro_Note";"Sector_Long_Gate";"Sector_Short_Gate";"Best_Signal";"IV30";"RV30";"IVP";"RVP";"VRP";"Optionality";"TermStr";"Vol_Date";"Composite";"Gate_Tech";"Gate_Opt";"All_Gates";"Rank"
"SMH";"Technology";"XLK";443,34;2,87;10;"TRADE";444,23;396,79;562,81;2;"SKIP";442,45;404,81;536,56;7;4;3;1;1,021;0,68;"S:4/6 BK:3/4 | S1:+ S2:+ S3:+ S4:+ S5:- S6:- | BK1:+ BK2:+ BK3:+ BK4:-";29,4;69,6;17,3;10,6;TRUE;6,39;8;"";TRUE;FALSE;"LONG TRADE";35,6;28,2;75,1;37,5;7,4;"PARTIAL";"Contango";"20260129 17:21";10;TRUE;TRUE;TRUE;"TOP PICK"
"AAPL";"Technology";"XLK";266,43;2,21;8;"TRADE";266,96;258,2;288,86;3;"SKIP";265,9;263,42;272,09;6;3;3;0,688;0,96;1,17;"S:3/6 BK:3/4 | S1:+ S2:+ S3:- S4:+ S5:- S6:- | BK1:+ BK2:+ BK3:+ BK4:-";14,7;62,2;8,4;2,2;TRUE;1,23;-1,6;"";TRUE;FALSE;"LONG TRADE";26,5;24,4;55,9;51;2,1;"PASS";"Contango";"20260325 23:46";9;TRUE;TRUE;TRUE;"TOP PICK"
"AVGO";"Technology";"XLK";396,72;3,28;9;"TRADE";397,51;326,6;574,81;2;"SKIP";395,93;333,19;552,76;8;5;3;1;0,93;1,18;"S:5/6 BK:3/4 | S1:+ S2:+ S3:+ S4:+ S5:- S6:+ | BK1:+ BK2:+ BK3:+ BK4:-";35,9;77;12,6;20,3;TRUE;18,71;17;"";TRUE;FALSE;"LONG TRADE";45,6;47,8;46,4;46,8;-2,3;"PARTIAL";"NO DATA";"20260323 09:10";9;TRUE;TRUE;TRUE;"TOP PICK"
"BAC";"Financial";"XLF";54,32;2,37;10;"WATCH";54,43;50,19;65,03;2;"SKIP";54,21;51,2;61,74;9;5;4;1;0,91;1,64;"S:5/6 BK:4/4 | S1:+ S2:+ S3:+ S4:+ S5:- S6:+ | BK1:+ BK2:+ BK3:+ BK4:+";33,8;73,2;8,1;7,2;TRUE;12,59;9,6;"";TRUE;FALSE;"LONG WATCH";34,8;33,9;95,7;85,3;0,8;"FAIL";"Backwardation";"20260323 09:13";10;TRUE;FALSE;FALSE;""
"CFG";"Financial";"XLF";65,19;2,43;10;"WATCH";65,32;61,06;75,98;2;"SKIP";65,06;62,29;71,98;8;5;3;0,974;0,892;1,06;"S:5/6 BK:3/4 | S1:+ S2:+ S3:+ S4:+ S5:- S6:+ | BK1:+ BK2:+ BK3:+ BK4:-";26,4;68,3;1,6;5,7;TRUE;9,7;8,9;"";TRUE;FALSE;"LONG WATCH";NA;NA;NA;NA;NA;"NO DATA";"NO DATA";NA;10;TRUE;FALSE;FALSE;""
"ETN";"Industrial";"XLI";395,06;3,22;10;"WATCH";395,85;366,5;469,23;2;"SKIP";394,27;373,9;445,19;7;5;2;0,946;0,844;1;"S:5/6 BK:2/4 | S1:+ S2:+ S3:+ S4:+ S5:- S6:+ | BK1:- BK2:+ BK3:+ BK4:-";20,9;62,1;0;6,7;TRUE;2,53;5,7;"";TRUE;FALSE;"LONG WATCH";NA;NA;NA;NA;NA;"NO DATA";"NO DATA";NA;10;TRUE;FALSE;FALSE;""
"EWY";"Technology";"XLK";144,92;4,35;10;"WATCH";145,21;130,8;181,24;2;"SKIP";144,63;133,44;172,61;8;5;3;0,826;0,912;0,73;"S:5/6 BK:3/4 | S1:+ S2:+ S3:+ S4:+ S5:- S6:+ | BK1:+ BK2:+ BK3:+ BK4:-";21,2;62;2,3;9,7;TRUE;1,8;1,4;"";TRUE;FALSE;"LONG WATCH";NA;NA;NA;NA;NA;"NO DATA";"NO DATA";NA;10;TRUE;FALSE;FALSE;""
"FCX";"Basic Materials";"XLB";68,7;3,81;10;"WATCH";68,84;61,27;87,75;2;"SKIP";68,56;62,51;83,69;8;5;3;0,985;0,943;0,89;"S:5/6 BK:3/4 | S1:+ S2:+ S3:+ S4:+ S5:- S6:+ | BK1:+ BK2:+ BK3:+ BK4:-";27,8;68,3;5,7;11;TRUE;4,86;14,5;"";TRUE;FALSE;"LONG WATCH";57,3;59,2;95,9;78,2;-1,8;"FAIL";"Backwardation";"20260323 09:17";10;TRUE;FALSE;FALSE;""
"JPM";"Financial";"XLF";305,93;2,34;10;"WATCH";306,54;296,61;331,36;2;"SKIP";305,32;302,61;312,1;6;4;2;0,925;0,985;0,96;"S:4/6 BK:2/4 | S1:+ S2:+ S3:+ S4:+ S5:- S6:- | BK1:- BK2:+ BK3:+ BK4:-";24,6;57,5;-7,1;2,1;TRUE;1,52;1,4;"";TRUE;FALSE;"LONG WATCH";34,5;31,4;96,6;83,7;3,1;"FAIL";"Backwardation";"20260323 09:22";10;TRUE;FALSE;FALSE;""
"MT";"Basic Materials";"XLB";61,57;3,65;10;"WATCH";61,69;57,38;72,48;2;"SKIP";61,45;58,54;68,72;8;5;3;0,747;0,95;0,49;"S:5/6 BK:3/4 | S1:+ S2:+ S3:+ S4:+ S5:- S6:+ | BK1:+ BK2:+ BK3:+ BK4:-";25,7;63,8;1,7;6,2;TRUE;2,69;14,3;"";TRUE;FALSE;"LONG WATCH";57;64;97,7;98,8;-7;"FAIL";"Backwardation";"20260325 22:44";10;TRUE;FALSE;FALSE;""
"NUE";"Basic Materials";"XLB";189,6;2,4;10;"WATCH";189,98;174,28;229,22;2;"SKIP";189,22;177,8;217,76;8;5;3;1;0,928;0,72;"S:5/6 BK:3/4 | S1:+ S2:+ S3:+ S4:+ S5:- S6:+ | BK1:+ BK2:+ BK3:+ BK4:-";35;71,3;5,5;7,7;TRUE;3,16;13,2;"";TRUE;FALSE;"LONG WATCH";NA;NA;NA;NA;NA;"NO DATA";"NO DATA";NA;10;TRUE;FALSE;FALSE;""
"PG";"Consumer non cyclical";"XLP";143,38;1,82;3;"SKIP";143,67;151,02;125,29;10;"WATCH";143,09;154,07;115,65;1;1;0;0,335;1,041;0,68;"S:1/6 BK:0/4 | S1:- S2:- S3:- S4:- S5:+ S6:- | BK1:- BK2:- BK3:- BK4:-";27,1;41,1;-1,8;-6;FALSE;0,46;-1;"";FALSE;TRUE;"SHORT WATCH";NA;NA;NA;NA;NA;"NO DATA";"NO DATA";NA;10;TRUE;FALSE;FALSE;""
"PM";"Consumer non cyclical";"XLP";157,19;2,74;3;"SKIP";157,5;171,18;123,32;10;"WATCH";156,88;174,64;112,47;2;2;0;0,488;0,907;0,84;"S:2/6 BK:0/4 | S1:- S2:- S3:- S4:- S5:+ S6:+ | BK1:- BK2:- BK3:- BK4:-";42,7;37,5;-3,6;-9,1;FALSE;0,84;-4,8;"";FALSE;TRUE;"SHORT WATCH";NA;NA;NA;NA;NA;"NO DATA";"NO DATA";NA;10;TRUE;FALSE;FALSE;""
"SLB";"Energy";"XLE";52,42;3,4;11;"SKIP";52,52;49,38;60,39;2;"SKIP";52,32;50,38;57,16;7;4;3;0,898;1,053;0,63;"S:4/6 BK:3/4 | S1:+ S2:+ S3:+ S4:+ S5:- S6:- | BK1:+ BK2:+ BK3:+ BK4:-";34,4;59,2;0,5;5,1;TRUE;1,34;18,3;"";FALSE;TRUE;"SKIP";41,4;37,9;93,3;81,3;3,5;"FAIL";"Backwardation";"20260325 21:14";11;FALSE;FALSE;FALSE;""
"CA.PA";"Consumer non cyclical";"XLP";16,8;1,71;10;"SKIP";16,83;15,39;20,41;2;"SKIP";16,76;15,71;19,4;8;5;3;0,731;0,938;0,77;"S:5/6 BK:3/4 | S1:+ S2:+ S3:+ S4:+ S5:- S6:+ | BK1:+ BK2:+ BK3:+ BK4:-";29,6;71,7;8,6;8;TRUE;8,36;11,3;"";FALSE;TRUE;"SKIP";NA;NA;NA;NA;NA;"NO DATA";"NO DATA";NA;10;FALSE;FALSE;FALSE;""
"FMC";"Agricultural";"MOO";17,42;4,7;10;"SKIP";17,45;15,12;23,3;2;"SKIP";17,39;15,42;22,29;7;5;2;1;0,888;0,52;"S:5/6 BK:2/4 | S1:+ S2:+ S3:+ S4:+ S5:- S6:+ | BK1:- BK2:+ BK3:+ BK4:-";47,2;59,9;-8;14,1;TRUE;1,53;23,2;"";FALSE;FALSE;"SKIP";NA;NA;NA;NA;NA;"NO DATA";"NO DATA";NA;10;FALSE;FALSE;FALSE;""
"HWM";"Defence";"ITA";254,04;3,02;10;"SKIP";254,55;240,65;289,28;2;"SKIP";253,53;245,52;273,57;8;5;3;0,84;0,848;0,79;"S:5/6 BK:3/4 | S1:+ S2:+ S3:+ S4:+ S5:- S6:+ | BK1:+ BK2:+ BK3:+ BK4:-";28,2;58,9;0,4;4,5;TRUE;1,98;5,3;"";FALSE;FALSE;"SKIP";NA;NA;NA;NA;NA;"NO DATA";"NO DATA";NA;10;FALSE;FALSE;FALSE;""
"STLD";"Basic Materials";"XLB";194,11;3,01;10;"WATCH";194,5;184,21;220,21;2;"SKIP";193,72;187,93;208,19;8;5;3;0,901;0,947;0,97;"S:5/6 BK:3/4 | S1:+ S2:+ S3:+ S4:+ S5:- S6:+ | BK1:+ BK2:+ BK3:+ BK4:-";25,2;63,4;4,3;4,3;TRUE;1,49;8,7;"";TRUE;FALSE;"SKIP";NA;NA;NA;NA;NA;"NO DATA";"NO DATA";NA;10;TRUE;FALSE;FALSE;""
"TNK";"Energy";"XLE";74,73;4,5;10;"SKIP";74,88;70,8;85,09;2;"SKIP";74,58;72,23;80,47;6;4;2;0,839;1,014;1,71;"S:4/6 BK:2/4 | S1:+ S2:+ S3:+ S4:+ S5:- S6:- | BK1:- BK2:+ BK3:- BK4:+";23,4;54,4;-6,3;4,5;TRUE;1,48;21,6;"";FALSE;TRUE;"SKIP";NA;NA;NA;NA;NA;"NO DATA";"NO DATA";NA;10;FALSE;FALSE;FALSE;""
"TXN";"Technology";"XLK";216,29;2,72;10;"WATCH";216,72;204,47;247,35;2;"SKIP";215,86;208,6;234;8;5;3;0,767;0,877;0,74;"S:5/6 BK:3/4 | S1:+ S2:+ S3:+ S4:+ S5:- S6:+ | BK1:+ BK2:+ BK3:+ BK4:-";28,1;65,4;3,1;4,7;TRUE;3,08;4,8;"";TRUE;FALSE;"SKIP";NA;NA;NA;NA;NA;"NO DATA";"NO DATA";NA;10;TRUE;FALSE;FALSE;""
"WPM";"Precious Metals";"GLD";147,61;4,05;10;"SKIP";147,91;139,66;168,53;2;"SKIP";147,31;142,48;159,41;7;4;3;0,685;1,101;0,74;"S:4/6 BK:3/4 | S1:+ S2:+ S3:+ S4:+ S5:- S6:- | BK1:+ BK2:+ BK3:+ BK4:-";24,2;62,1;6,6;4,6;TRUE;1,98;11,7;"";FALSE;FALSE;"SKIP";NA;NA;NA;NA;NA;"NO DATA";"NO DATA";NA;10;FALSE;FALSE;FALSE;""
"ABBV";"Healthcare";"XLV";208,42;2,72;3;"SKIP";208,84;217,41;187,4;9;"SKIP";208;221,8;173,5;1;1;0;0,53;1,041;0,8;"S:1/6 BK:0/4 | S1:- S2:- S3:- S4:- S5:+ S6:- | BK1:- BK2:- BK3:- BK4:-";19,4;43,5;-2;-5,1;FALSE;0,38;-3,9;"";FALSE;FALSE;"SKIP";33;25,8;94,4;69,4;7,2;"PARTIAL";"Contango";"20260323 13:44";9;FALSE;TRUE;FALSE;""
"ABT";"Healthcare";"XLV";101,56;2,14;3;"SKIP";101,76;107,4;87,66;9;"SKIP";101,36;109,57;80,82;1;1;0;0,613;1,208;0,96;"S:1/6 BK:0/4 | S1:- S2:- S3:- S4:- S5:+ S6:- | BK1:- BK2:- BK3:- BK4:-";42,7;37,3;-2,1;-6,4;FALSE;1,09;-7;"";FALSE;FALSE;"SKIP";29,3;19,4;96,9;21,4;9,9;"FAIL";"Backwardation";"20260323 13:46";9;FALSE;FALSE;FALSE;""
"AI";"Industrial";"XLI";9,52;5,6;8;"WATCH";9,54;9,22;10,33;3;"SKIP";9,5;9,41;9,73;9;5;4;0,586;0,745;1,65;"S:5/6 BK:4/4 | S1:+ S2:- S3:+ S4:+ S5:+ S6:+ | BK1:+ BK2:+ BK3:+ BK4:+";19,1;59,3;11,5;2,2;TRUE;1,88;5,2;"";TRUE;FALSE;"SKIP";23,6;21,7;94,7;86,5;1,9;"FAIL";"Backwardation";"20260323 13:51";9;TRUE;FALSE;FALSE;""
"ALB";"Basic Materials";"XLB";185,38;4,86;9;"WATCH";185,75;170,22;224,57;2;"SKIP";185,01;173,66;213,38;8;5;3;0,707;0,844;0,7;"S:5/6 BK:3/4 | S1:+ S2:+ S3:+ S4:+ S5:- S6:+ | BK1:+ BK2:+ BK3:+ BK4:-";16,6;58,3;3,9;7,8;TRUE;1,23;7,7;"";TRUE;FALSE;"SKIP";NA;NA;NA;NA;NA;"NO DATA";"NO DATA";NA;9;TRUE;FALSE;FALSE;""
"AMAT";"Technology";"XLK";394,26;4,02;9;"WATCH";395,05;351,39;504,2;3;"SKIP";393,47;358,49;480,93;7;4;3;0,956;0,891;0,91;"S:4/6 BK:3/4 | S1:+ S2:+ S3:+ S4:- S5:- S6:+ | BK1:+ BK2:+ BK3:+ BK4:-";22,5;63,5;0,8;11,1;FALSE;1,54;5,4;"";TRUE;FALSE;"SKIP";NA;NA;NA;NA;NA;"NO DATA";"NO DATA";NA;9;TRUE;FALSE;FALSE;""
"AME";"Industrial";"XLI";230,1;2,45;9;"WATCH";230,56;223,33;248,64;3;"SKIP";229,64;227,84;234,14;6;4;2;0,831;0,849;0,86;"S:4/6 BK:2/4 | S1:+ S2:+ S3:+ S4:- S5:- S6:+ | BK1:- BK2:+ BK3:+ BK4:-";29,6;59;-4,6;2;FALSE;1,11;3,9;"";TRUE;FALSE;"SKIP";NA;NA;NA;NA;NA;"NO DATA";"NO DATA";NA;9;TRUE;FALSE;FALSE;""
"AU";"Precious Metals";"GLD";104,47;5,07;9;"SKIP";104,68;103,59;107,4;3;"SKIP";104,26;105,68;100,71;5;3;2;0,678;1,12;0,57;"S:3/6 BK:2/4 | S1:- S2:+ S3:+ S4:+ S5:- S6:- | BK1:- BK2:+ BK3:+ BK4:-";27,3;53,2;-5,7;-0,2;TRUE;1,87;12,7;"";FALSE;FALSE;"SKIP";NA;NA;NA;NA;NA;"NO DATA";"NO DATA";NA;9;FALSE;FALSE;FALSE;""
"AXP";"Financial";"XLF";329,06;2,51;9;"WATCH";329,72;315,59;365,04;3;"SKIP";328,4;321,97;344,49;7;4;3;0,726;0,834;0,82;"S:4/6 BK:3/4 | S1:+ S2:- S3:+ S4:+ S5:- S6:+ | BK1:+ BK2:+ BK3:+ BK4:-";28;65,4;7,6;3,2;TRUE;2,34;4,3;"";TRUE;FALSE;"SKIP";NA;NA;NA;NA;NA;"NO DATA";"NO DATA";NA;9;TRUE;FALSE;FALSE;""
"BA";"Defence";"ITA";223,93;2,83;9;"SKIP";224,38;218,16;239,93;3;"SKIP";223,48;222,56;225,78;6;3;3;0,652;0,979;0,69;"S:3/6 BK:3/4 | S1:+ S2:- S3:+ S4:+ S5:- S6:- | BK1:+ BK2:+ BK3:+ BK4:-";31,8;60,4;3,9;1,6;TRUE;5,04;5,7;"";FALSE;FALSE;"SKIP";39,8;33,2;93;76,2;6,6;"FAIL";"Backwardation";"20260323 09:11";9;FALSE;FALSE;FALSE;""
"BIOX";"Agricultural";"MOO";0,58;10,63;9;"SKIP";0,58;0,52;0,74;3;"SKIP";0,58;0,53;0,71;6;4;2;0,841;0,532;0,76;"S:4/6 BK:2/4 | S1:+ S2:- S3:+ S4:+ S5:- S6:+ | BK1:- BK2:+ BK3:+ BK4:-";40,2;56,3;-1,2;10,9;TRUE;1,44;41,1;"";FALSE;FALSE;"SKIP";NA;NA;NA;NA;NA;"NO DATA";"NO DATA";NA;9;FALSE;FALSE;FALSE;""
"BN";"Consumer non cyclical";"XLP";46,5;2,88;9;"SKIP";46,59;42,36;57,17;3;"SKIP";46,41;43,22;54,38;7;4;3;0,894;0,935;1,02;"S:4/6 BK:3/4 | S1:+ S2:- S3:+ S4:+ S5:- S6:+ | BK1:+ BK2:+ BK3:+ BK4:-";30,3;73;16,9;8,7;TRUE;6,37;21,4;"";FALSE;TRUE;"SKIP";29,5;23,7;96,8;66,9;5,8;"FAIL";"Backwardation";"20260324 07:45";9;FALSE;FALSE;FALSE;""
"CCJ";"Basic Materials";"XLB";119,11;4,61;8;"WATCH";119,35;112,97;135,3;3;"SKIP";118,87;115,25;127,93;7;4;3;0,816;0,811;1,04;"S:4/6 BK:3/4 | S1:+ S2:- S3:+ S4:+ S5:- S6:+ | BK1:+ BK2:+ BK3:+ BK4:-";17,6;60;3,7;4,4;TRUE;1,81;3;"";TRUE;FALSE;"SKIP";57,2;59,2;76,7;72,6;-2;"FAIL";"Backwardation";"20260324 07:47";9;TRUE;FALSE;FALSE;""
"CL";"Consumer non cyclical";"XLP";83,49;2,16;3;"SKIP";83,66;89,63;68,72;9;"WATCH";83,32;91,44;63,03;1;1;0;0,38;0,973;0,8;"S:1/6 BK:0/4 | S1:- S2:- S3:- S4:- S5:+ S6:- | BK1:- BK2:- BK3:- BK4:-";31,6;38;-5,5;-7,8;FALSE;0,83;-2,9;"";FALSE;TRUE;"SKIP";NA;NA;NA;NA;NA;"NO DATA";"NO DATA";NA;9;TRUE;FALSE;FALSE;""
"COF";"Financial";"XLF";202,98;2,86;9;"WATCH";203,39;193,1;229,09;3;"SKIP";202,57;197;216,5;7;4;3;0,817;0,888;0,86;"S:4/6 BK:3/4 | S1:+ S2:- S3:+ S4:+ S5:- S6:+ | BK1:+ BK2:+ BK3:+ BK4:-";25,1;64;8,8;4,1;TRUE;2,43;5,4;"";TRUE;FALSE;"SKIP";NA;NA;NA;NA;NA;"NO DATA";"NO DATA";NA;9;TRUE;FALSE;FALSE;""
"CRM";"Technology";"XLK";177,6;4,29;3;"SKIP";177,96;186,77;155,91;9;"SKIP";177,24;190,54;144;1;1;0;0,892;0,934;1,06;"S:1/6 BK:0/4 | S1:- S2:- S3:- S4:- S5:- S6:+ | BK1:- BK2:- BK3:- BK4:-";24,1;43,7;8,6;-5,9;FALSE;0,37;-15,5;"";TRUE;FALSE;"SKIP";NA;NA;NA;NA;NA;"NO DATA";"NO DATA";NA;9;FALSE;FALSE;FALSE;""
"DBA";"Basic Materials";"XLB";27,17;0,75;9;"WATCH";27,22;26,21;29,75;3;"SKIP";27,12;26,74;28,05;7;4;3;0,463;1,482;0,64;"S:4/6 BK:3/4 | S1:+ S2:+ S3:- S4:+ S5:+ S6:- | BK1:+ BK2:+ BK3:+ BK4:-";26,3;61,3;8,9;2,6;TRUE;1,78;-1,7;"";TRUE;FALSE;"SKIP";21,1;8;99,1;11,9;13,2;"FAIL";"Backwardation";"20260324 07:48";9;TRUE;FALSE;FALSE;""
"DIS";"Communications";"XLC";103,04;2,12;9;"SKIP";103,25;100,62;109,81;3;"SKIP";102,83;102,65;103,29;7;4;3;0,718;0,911;0,68;"S:4/6 BK:3/4 | S1:+ S2:- S3:+ S4:+ S5:- S6:+ | BK1:+ BK2:+ BK3:+ BK4:-";28,5;61,7;10,7;1,4;TRUE;2,9;1;"";FALSE;FALSE;"SKIP";26,3;26;53,2;52,2;0,3;"PASS";"Contango";"20260326 00:47";9;FALSE;TRUE;FALSE;""
"DXCM";"Healthcare";"XLV";61,54;3,53;3;"SKIP";61,66;67,17;47,88;9;"SKIP";61,42;68,53;43,63;3;2;1;0,588;0,88;1,45;"S:2/6 BK:1/4 | S1:- S2:- S3:- S4:- S5:+ S6:+ | BK1:- BK2:- BK3:- BK4:+";26,2;35,6;-13,7;-9,3;FALSE;0,19;-7,3;"";FALSE;FALSE;"SKIP";NA;NA;NA;NA;NA;"NO DATA";"NO DATA";NA;9;FALSE;FALSE;FALSE;""
"FTV";"Industrial";"XLI";59,37;2,72;9;"WATCH";59,49;56,64;66,62;2;"SKIP";59,25;57,78;62,92;7;5;2;1;0,704;0,82;"S:5/6 BK:2/4 | S1:+ S2:+ S3:+ S4:+ S5:- S6:+ | BK1:- BK2:+ BK3:+ BK4:-";23,6;60,6;-5,7;3,8;TRUE;2,13;3,5;"";TRUE;FALSE;"SKIP";NA;NA;NA;NA;NA;"NO DATA";"NO DATA";NA;9;TRUE;FALSE;FALSE;""
"GD";"Defence";"ITA";338,88;2,17;3;"SKIP";339,56;347,71;319,19;9;"SKIP";338,2;354,73;296,88;0;0;0;0,76;1,062;0,94;"S:0/6 BK:0/4 | S1:- S2:- S3:- S4:- S5:- S6:- | BK1:- BK2:- BK3:- BK4:-";34,6;41,4;-7,7;-3,5;FALSE;0,68;-5,4;"";FALSE;FALSE;"SKIP";NA;NA;NA;NA;NA;"NO DATA";"NO DATA";NA;9;FALSE;FALSE;FALSE;""
"GE";"Industrial";"XLI";313,93;3,32;9;"WATCH";314,56;309,46;327,3;3;"SKIP";313,3;315,71;307,27;7;4;3;0,622;1,046;0,72;"S:4/6 BK:3/4 | S1:+ S2:+ S3:+ S4:- S5:+ S6:- | BK1:+ BK2:+ BK3:+ BK4:-";27,4;56;1,6;0,4;FALSE;1,62;1,1;"";TRUE;FALSE;"SKIP";38,5;36,9;92,9;86,9;1,6;"FAIL";"Backwardation";"20260323 09:18";9;TRUE;FALSE;FALSE;""
"GOOG";"Communications";"XLC";334,47;2,43;9;"SKIP";335,14;304,03;412,9;3;"SKIP";333,8;310,18;392,86;7;4;3;1;0,932;0,75;"S:4/6 BK:3/4 | S1:+ S2:- S3:+ S4:+ S5:- S6:+ | BK1:+ BK2:+ BK3:+ BK4:-";31,6;71,9;10,1;8,9;TRUE;5,24;6,4;"";FALSE;FALSE;"SKIP";30,1;27,9;40,9;24,6;2,2;"PASS";"Contango";"20260324 08:02";9;FALSE;TRUE;FALSE;""
"KHC";"Consumer non cyclical";"XLP";22,01;2,73;4;"SKIP";22,05;23,15;19,32;9;"WATCH";21,97;23,61;17,85;2;2;0;0,649;0,961;0,86;"S:2/6 BK:0/4 | S1:- S2:- S3:+ S4:- S5:+ S6:- | BK1:- BK2:- BK3:- BK4:-";24;41,5;-9,9;-5,9;FALSE;0,4;0,5;"";FALSE;TRUE;"SKIP";NA;NA;NA;NA;NA;"NO DATA";"NO DATA";NA;9;TRUE;FALSE;FALSE;""
"KRE";"Financial";"XLF";69,17;2,11;9;"WATCH";69,31;66,91;75,3;2;"SKIP";69,03;68,26;70,95;7;5;2;0,757;0,792;0,73;"S:5/6 BK:2/4 | S1:+ S2:+ S3:+ S4:+ S5:- S6:+ | BK1:- BK2:+ BK3:+ BK4:-";28,2;63,9;-2,2;2,3;TRUE;2,4;3,7;"";TRUE;FALSE;"SKIP";33,2;33,4;86,7;86,5;-0,2;"PARTIAL";"Backwardation";"20260324 08:06";9;TRUE;TRUE;TRUE;""
"LRCX";"Technology";"XLK";265,16;4,61;9;"WATCH";265,69;227,61;360,88;2;"SKIP";264,63;232,21;345,68;7;4;3;0,943;0,989;1,1;"S:4/6 BK:3/4 | S1:+ S2:+ S3:+ S4:+ S5:- S6:- | BK1:+ BK2:+ BK3:+ BK4:-";28,8;64,8;3,5;15,3;TRUE;3,79;10,6;"";TRUE;FALSE;"SKIP";NA;NA;NA;NA;NA;"NO DATA";"NO DATA";NA;9;TRUE;FALSE;FALSE;""
"MRVL";"Technology";"XLK";134,6;4,47;9;"WATCH";134,87;90,65;245,41;2;"SKIP";134,33;92,48;238,95;7;4;3;0,843;1,209;0,9;"S:4/6 BK:3/4 | S1:+ S2:+ S3:+ S4:+ S5:- S6:- | BK1:+ BK2:+ BK3:+ BK4:-";42,6;81,9;9,5;47;TRUE;14,87;41,8;"";TRUE;FALSE;"SKIP";51;62,3;34,2;44;-11,2;"PASS";"Contango";"20260324 08:09";9;TRUE;TRUE;TRUE;""
"MS";"Financial";"XLF";191,62;3,04;9;"WATCH";192;167,28;253,81;3;"SKIP";191,24;170,66;242,67;8;4;4;0,911;0,95;1,37;"S:4/6 BK:4/4 | S1:+ S2:- S3:+ S4:+ S5:- S6:+ | BK1:+ BK2:+ BK3:+ BK4:+";32,2;77,8;12,1;13,4;TRUE;5,85;16,1;"";TRUE;FALSE;"SKIP";NA;NA;NA;NA;NA;"NO DATA";"NO DATA";NA;9;TRUE;FALSE;FALSE;""
"NFLX";"Technology";"XLK";107,71;2,6;9;"WATCH";107,93;90,14;152,38;2;"SKIP";107,49;91,96;146,32;9;6;3;0,523;0,813;1,03;"S:6/6 BK:3/4 | S1:+ S2:+ S3:+ S4:+ S5:+ S6:+ | BK1:+ BK2:+ BK3:+ BK4:-";47,9;79;12,6;18,3;TRUE;4,88;7,7;"";TRUE;FALSE;"SKIP";41,3;46,2;72,7;82,9;-4,9;"FAIL";"Backwardation";"20260324 08:11";9;TRUE;FALSE;FALSE;""
"NVO";"Consumer non cyclical";"XLP";40,81;3,01;9;"SKIP";40,89;40,08;42,92;3;"SKIP";40,73;40,89;40,32;8;5;3;0,403;0,742;1,12;"S:5/6 BK:3/4 | S1:+ S2:- S3:+ S4:+ S5:+ S6:+ | BK1:+ BK2:+ BK3:+ BK4:-";23,7;62,3;17,6;0,8;TRUE;2,26;10,5;"";FALSE;TRUE;"SKIP";42,8;61;31,9;80,2;-18,2;"PASS";"Contango";"20260324 08:13";9;FALSE;TRUE;FALSE;""
"ORCL";"Technology";"XLK";169,81;4,73;8;"WATCH";170,15;149,02;222,97;3;"SKIP";169,47;152,03;213,06;8;4;4;1;0,899;1,64;"S:4/6 BK:4/4 | S1:+ S2:- S3:+ S4:+ S5:- S6:+ | BK1:+ BK2:+ BK3:+ BK4:+";19,3;66,2;23,1;12,8;TRUE;2,69;3,3;"";TRUE;FALSE;"SKIP";NA;NA;NA;NA;NA;"NO DATA";"NO DATA";NA;9;TRUE;FALSE;FALSE;""
"ROK";"Industrial";"XLI";397,4;2,92;9;"WATCH";398,19;380,33;442,87;3;"SKIP";396,61;388,01;418,1;6;4;2;0,993;0,737;0,89;"S:4/6 BK:2/4 | S1:+ S2:- S3:+ S4:+ S5:- S6:+ | BK1:- BK2:+ BK3:+ BK4:-";32,5;61,1;-0,9;3,4;TRUE;2,69;8,4;"";TRUE;FALSE;"SKIP";NA;NA;NA;NA;NA;"NO DATA";"NO DATA";NA;9;TRUE;FALSE;FALSE;""
"SAP";"Technology";"XLK";172,9;3,35;3;"SKIP";173,25;186,15;140,99;9;"SKIP";172,55;189,91;129,17;0;0;0;0,669;0,992;0,85;"S:0/6 BK:0/4 | S1:- S2:- S3:- S4:- S5:- S6:- | BK1:- BK2:- BK3:- BK4:-";28,3;44,9;12,2;-8;FALSE;0,53;-15,5;"";TRUE;FALSE;"SKIP";42,9;34,7;98,4;70,6;8,2;"FAIL";"Backwardation";"20260324 08:16";9;FALSE;FALSE;FALSE;""
"UNH";"Healthcare";"XLV";314,05;2,75;9;"SKIP";314,68;281,87;396,71;3;"SKIP";313,42;287,56;378,08;6;3;3;1;1,072;0,54;"S:3/6 BK:3/4 | S1:+ S2:+ S3:+ S4:- S5:- S6:- | BK1:+ BK2:+ BK3:+ BK4:-";42,2;68,3;2,6;10,3;FALSE;3,05;10,5;"";FALSE;FALSE;"SKIP";43,7;28,4;83,8;19,4;15,4;"FAIL";"Backwardation";"20260323 09:36";9;FALSE;FALSE;FALSE;""
"USB";"Financial";"XLF";56,37;2,35;9;"WATCH";56,48;54,26;62,05;3;"SKIP";56,26;55,35;58,52;6;3;3;0,731;0,978;1,09;"S:3/6 BK:3/4 | S1:+ S2:- S3:+ S4:+ S5:- S6:- | BK1:+ BK2:+ BK3:+ BK4:-";25,4;65,1;0;2,9;TRUE;2,88;4;"";TRUE;FALSE;"SKIP";NA;NA;NA;NA;NA;"NO DATA";"NO DATA";NA;9;TRUE;FALSE;FALSE;""
"VMC";"Basic Materials";"XLB";291,25;2,59;9;"WATCH";291,83;287,32;303,11;3;"SKIP";290,67;293,13;284,52;5;3;2;0,706;0,951;0,6;"S:3/6 BK:2/4 | S1:+ S2:- S3:+ S4:+ S5:- S6:- | BK1:- BK2:+ BK3:+ BK4:-";31,9;57,6;-3,9;0,4;TRUE;1,51;6;"";TRUE;FALSE;"SKIP";NA;NA;NA;NA;NA;"NO DATA";"NO DATA";NA;9;TRUE;FALSE;FALSE;""
"AA";"Basic Materials";"XLB";70,38;4,86;8;"WATCH";70,52;62,76;89,92;4;"SKIP";70,24;64,03;85,77;5;4;1;1;0,899;0,6;"S:4/6 BK:1/4 | S1:+ S2:+ S3:+ S4:- S5:- S6:+ | BK1:- BK2:- BK3:+ BK4:-";25,7;58,2;-6,3;11;FALSE;0,88;3,8;"";TRUE;FALSE;"SKIP";73,8;74,1;96,9;88,5;-0,3;"FAIL";"Backwardation";"20260323 13:36";8;TRUE;FALSE;FALSE;""
"ADBE";"Technology";"XLK";244,66;3,81;4;"SKIP";245,15;252,68;226,32;8;"SKIP";244,17;257,79;210,13;2;2;0;0,496;0,852;0,92;"S:2/6 BK:0/4 | S1:- S2:- S3:- S4:- S5:+ S6:+ | BK1:- BK2:- BK3:- BK4:-";32,1;48,8;10,9;-4,1;FALSE;0,57;-10,2;"";TRUE;FALSE;"SKIP";NA;NA;NA;NA;NA;"NO DATA";"NO DATA";NA;8;FALSE;FALSE;FALSE;""
"ADM";"Agricultural";"MOO";66,95;3,3;4;"SKIP";67,08;68,75;62,91;8;"SKIP";66,82;70,14;58,5;1;1;0;1;1,053;0,78;"S:1/6 BK:0/4 | S1:- S2:+ S3:- S4:- S5:- S6:- | BK1:- BK2:- BK3:- BK4:-";24,5;37,6;-16,2;-3,6;FALSE;0,25;-6,1;"";FALSE;FALSE;"SKIP";35,4;32,3;90,4;63,9;3,1;"FAIL";"Backwardation";"20260323 13:49";8;FALSE;FALSE;FALSE;""
"AGI";"Precious Metals";"GLD";47,83;4,51;8;"SKIP";47,93;45,49;54,02;2;"SKIP";47,73;46,41;51,05;7;5;2;0,688;0,922;0,49;"S:5/6 BK:2/4 | S1:+ S2:+ S3:+ S4:+ S5:- S6:+ | BK1:- BK2:+ BK3:+ BK4:-";15,4;56,4;-1,4;4,1;TRUE;3,18;8,7;"";FALSE;FALSE;"SKIP";NA;NA;NA;NA;NA;"NO DATA";"NO DATA";NA;8;FALSE;FALSE;FALSE;""
"AMD";"Technology";"XLK";246,83;4;8;"WATCH";247,32;207,15;347,75;3;"SKIP";246,34;211,34;333,84;7;4;3;0,925;0,908;0,67;"S:4/6 BK:3/4 | S1:+ S2:- S3:+ S4:+ S5:- S6:+ | BK1:+ BK2:+ BK3:+ BK4:-";27,6;70,8;11,8;18;TRUE;7,33;21,2;"";TRUE;FALSE;"SKIP";53,8;52,2;59;45;1,6;"FAIL";"NO DATA";"20260326 19:25";8;TRUE;FALSE;FALSE;""
"AMRZ";"Industrial";"XLI";58,73;2,95;8;"WATCH";58,85;57,73;61,64;3;"SKIP";58,61;58,9;57,9;7;5;2;0,575;0,719;1,11;"S:5/6 BK:2/4 | S1:+ S2:+ S3:+ S4:- S5:+ S6:+ | BK1:+ BK2:- BK3:+ BK4:-";23,9;56;4;0,7;FALSE;1,07;1,3;"";TRUE;FALSE;"SKIP";NA;NA;NA;NA;NA;"NO DATA";"NO DATA";NA;8;TRUE;FALSE;FALSE;""
"AMZN";"Communications";"XLC";248,5;2,68;8;"SKIP";249;211,53;342,65;3;"SKIP";248;215,81;328,49;7;4;3;1;0,857;0,93;"S:4/6 BK:3/4 | S1:+ S2:- S3:+ S4:+ S5:- S6:+ | BK1:+ BK2:+ BK3:+ BK4:-";30,9;75,6;15;16,3;TRUE;5,22;13,7;"";FALSE;FALSE;"SKIP";31;30,6;46,2;40,1;0,4;"PASS";"Contango";"20260324 07:43";8;FALSE;TRUE;FALSE;""
"BMY";"Healthcare";"XLV";57,89;2,33;4;"SKIP";58,01;59,15;55,15;8;"SKIP";57,77;60,34;51,35;1;1;0;0,898;0,998;0,66;"S:1/6 BK:0/4 | S1:- S2:+ S3:- S4:- S5:- S6:- | BK1:- BK2:- BK3:- BK4:-";16,4;44,2;-5,4;-3,1;FALSE;0,6;-1,8;"";FALSE;FALSE;"SKIP";NA;NA;NA;NA;NA;"NO DATA";"NO DATA";NA;8;FALSE;FALSE;FALSE;""
"BSX";"Healthcare";"XLV";64,61;3,01;4;"SKIP";64,74;70,03;51,52;8;"SKIP";64,48;71,44;47,08;2;1;1;0,697;0,932;0,76;"S:1/6 BK:1/4 | S1:- S2:- S3:- S4:- S5:- S6:+ | BK1:- BK2:+ BK3:- BK4:-";38,8;42;12,4;-8,7;FALSE;1,3;-8;"";FALSE;FALSE;"SKIP";NA;NA;NA;NA;NA;"NO DATA";"NO DATA";NA;8;FALSE;FALSE;FALSE;""
"CAG";"Agricultural";"MOO";14,09;3,65;3;"SKIP";14,12;17,13;6,59;8;"SKIP";14,06;17,47;5,53;1;1;0;0,384;1,121;1,13;"S:1/6 BK:0/4 | S1:- S2:- S3:- S4:- S5:+ S6:- | BK1:- BK2:- BK3:- BK4:-";51,7;24,8;-13,4;-18,6;FALSE;0,3;-11,9;"";FALSE;FALSE;"SKIP";NA;NA;NA;NA;NA;"NO DATA";"NO DATA";NA;8;FALSE;FALSE;FALSE;""
"CLF";"Basic Materials";"XLB";9,66;4,66;8;"WATCH";9,68;9,9;9,14;4;"SKIP";9,64;10,1;8,5;7;4;3;0,538;0,854;0,67;"S:4/6 BK:3/4 | S1:- S2:- S3:+ S4:+ S5:+ S6:+ | BK1:+ BK2:+ BK3:+ BK4:-";27,2;57,9;8,7;-3,4;TRUE;3,62;11,9;"";TRUE;FALSE;"SKIP";NA;NA;NA;NA;NA;"NO DATA";"NO DATA";NA;8;TRUE;FALSE;FALSE;""
"COP";"Energy";"XLE";118,92;3,4;7;"TRADE";119,16;117,62;122,99;5;"WATCH";118,68;120;115,39;4;4;0;0,667;1,056;0,63;"S:4/6 BK:0/4 | S1:+ S2:+ S3:+ S4:+ S5:- S6:- | BK1:- BK2:- BK3:- BK4:-";26,8;40,4;-10,9;0,1;TRUE;0,61;1,5;"";FALSE;TRUE;"SKIP";36;32;89,6;63,5;3,9;"FAIL";"Backwardation";"20260323 09:14";8;TRUE;FALSE;FALSE;""
"CSCO";"Technology";"XLK";82,36;2,49;8;"WATCH";82,52;79,16;90,94;3;"SKIP";82,2;80,76;85,79;6;4;2;0,884;0,932;0,65;"S:4/6 BK:2/4 | S1:+ S2:+ S3:- S4:+ S5:- S6:+ | BK1:- BK2:+ BK3:+ BK4:-";16,8;57,6;-5,4;3;TRUE;2,41;-2,5;"";TRUE;FALSE;"SKIP";27,8;36,5;66,9;88,4;-8,7;"PASS";"Contango";"20260324 19:08";8;TRUE;TRUE;TRUE;""
"DHR";"Healthcare";"XLV";198,14;2,54;8;"SKIP";198,54;198,34;199,04;4;"SKIP";197,74;202,34;186,25;7;4;3;0,612;0,943;0,84;"S:4/6 BK:3/4 | S1:- S2:- S3:+ S4:+ S5:+ S6:+ | BK1:+ BK2:+ BK3:+ BK4:-";22,4;54,6;2,3;-1,1;TRUE;1,63;2,8;"";FALSE;FALSE;"SKIP";NA;NA;NA;NA;NA;"NO DATA";"NO DATA";NA;8;FALSE;FALSE;FALSE;""
"ECL";"Basic Materials";"XLB";270,37;2,3;6;"WATCH";270,91;279,54;249,34;7;"TRADE";269,83;285,19;231,44;4;2;2;0,429;1,019;0,67;"S:2/6 BK:2/4 | S1:- S2:- S3:- S4:+ S5:+ S6:- | BK1:- BK2:+ BK3:+ BK4:-";24,9;47,6;-3,6;-4,2;TRUE;1,22;-4,6;"";TRUE;FALSE;"SKIP";NA;NA;NA;NA;NA;"NO DATA";"NO DATA";NA;8;TRUE;FALSE;FALSE;""
"EMR";"Industrial";"XLI";140,4;3,03;8;"WATCH";140,68;140,33;141,56;4;"SKIP";140,12;143,16;132,51;5;3;2;0,755;0,862;0,85;"S:3/6 BK:2/4 | S1:- S2:- S3:+ S4:+ S5:- S6:+ | BK1:- BK2:+ BK3:+ BK4:-";28,6;54,4;-6,5;-1;TRUE;2,88;3,2;"";TRUE;FALSE;"SKIP";NA;NA;NA;NA;NA;"NO DATA";"NO DATA";NA;8;TRUE;FALSE;FALSE;""
"EOG";"Energy";"XLE";132,39;3,27;7;"TRADE";132,65;129,3;141,04;5;"WATCH";132,13;131,91;132,66;6;6;0;0,614;0,915;0,62;"S:6/6 BK:0/4 | S1:+ S2:+ S3:+ S4:+ S5:+ S6:+ | BK1:- BK2:- BK3:- BK4:-";23,8;41,9;-11,2;1,4;TRUE;0,53;2,2;"";FALSE;TRUE;"SKIP";NA;NA;NA;NA;NA;"NO DATA";"NO DATA";NA;8;TRUE;FALSE;FALSE;""
"EW";"Healthcare";"XLV";78,2;2,63;4;"SKIP";78,36;80,51;72,98;8;"SKIP";78,04;82,13;67,82;2;1;1;0,678;0,916;1,12;"S:1/6 BK:1/4 | S1:- S2:- S3:- S4:- S5:- S6:+ | BK1:- BK2:+ BK3:- BK4:-";24;38,3;-11;-3,8;FALSE;1,67;-6;"";FALSE;FALSE;"SKIP";NA;NA;NA;NA;NA;"NO DATA";"NO DATA";NA;8;FALSE;FALSE;FALSE;""
"FITB";"Financial";"XLF";49,84;2,5;8;"WATCH";49,94;48,48;53,59;3;"SKIP";49,74;49,46;50,44;6;4;2;0,684;0,89;0,73;"S:4/6 BK:2/4 | S1:+ S2:- S3:+ S4:+ S5:- S6:+ | BK1:- BK2:+ BK3:+ BK4:-";28,6;62,4;-0,8;1,8;TRUE;4,4;7,4;"";TRUE;FALSE;"SKIP";NA;NA;NA;NA;NA;"NO DATA";"NO DATA";NA;8;TRUE;FALSE;FALSE;""
"GIS";"Consumer non cyclical";"XLP";34,49;2,81;3;"SKIP";34,56;41,07;18,29;8;"WATCH";34,42;41,9;15,73;1;1;0;0,425;1,154;0,71;"S:1/6 BK:0/4 | S1:- S2:- S3:- S4:- S5:+ S6:- | BK1:- BK2:- BK3:- BK4:-";60,6;23,5;-6,4;-16,9;FALSE;0,57;-6,7;"";FALSE;TRUE;"SKIP";NA;NA;NA;NA;NA;"NO DATA";"NO DATA";NA;8;TRUE;FALSE;FALSE;""
"HII";"Defence";"ITA";398,13;3,3;4;"SKIP";398,93;408,84;374,15;8;"SKIP";397,33;417,1;347,92;2;1;1;0,716;0,909;0,76;"S:1/6 BK:1/4 | S1:- S2:- S3:- S4:- S5:- S6:+ | BK1:- BK2:+ BK3:- BK4:-";25;47,1;-5,6;-3,6;FALSE;2,72;-6,3;"";FALSE;FALSE;"SKIP";NA;NA;NA;NA;NA;"NO DATA";"NO DATA";NA;8;FALSE;FALSE;FALSE;""
"IBB";"Consumer non cyclical";"XLP";175,99;2,07;8;"SKIP";176,34;168,57;195,77;3;"SKIP";175,64;171,98;184,79;7;4;3;0,95;0,882;1,16;"S:4/6 BK:3/4 | S1:+ S2:- S3:+ S4:+ S5:- S6:+ | BK1:+ BK2:+ BK3:+ BK4:-";15,6;62,1;4,9;3,4;TRUE;1,66;9,6;"";FALSE;TRUE;"SKIP";27;21,8;90,9;71;5,2;"FAIL";"Backwardation";"20260324 08:05";8;FALSE;FALSE;FALSE;""
"KGC";"Precious Metals";"GLD";33,39;4,3;8;"SKIP";33,46;32,06;36,94;3;"SKIP";33,32;32,71;34,86;6;4;2;0,712;0,92;0,82;"S:4/6 BK:2/4 | S1:+ S2:- S3:+ S4:+ S5:- S6:+ | BK1:- BK2:+ BK3:+ BK4:-";21,2;57,9;-0,9;3,1;TRUE;1,17;11,8;"";FALSE;FALSE;"SKIP";NA;NA;NA;NA;NA;"NO DATA";"NO DATA";NA;8;FALSE;FALSE;FALSE;""
"KR";"Consumer non cyclical";"XLP";66,63;3,06;4;"SKIP";66,76;69,72;59,37;8;"WATCH";66,5;71,13;54,92;2;2;0;0,861;0,895;0,62;"S:2/6 BK:0/4 | S1:- S2:+ S3:- S4:- S5:- S6:+ | BK1:- BK2:- BK3:- BK4:-";27,2;35,8;-11,8;-5,4;FALSE;0,31;-5,8;"";FALSE;TRUE;"SKIP";NA;NA;NA;NA;NA;"NO DATA";"NO DATA";NA;8;TRUE;FALSE;FALSE;""
"LAC";"Basic Materials";"XLB";4,56;5,46;8;"WATCH";4,57;4,41;4,97;4;"SKIP";4,55;4,5;4,69;7;4;3;0,55;0,896;0,93;"S:4/6 BK:3/4 | S1:+ S2:- S3:- S4:+ S5:+ S6:+ | BK1:+ BK2:+ BK3:+ BK4:-";26,9;59,5;11,7;2,4;TRUE;3,64;-2,4;"";TRUE;FALSE;"SKIP";NA;NA;NA;NA;NA;"NO DATA";"NO DATA";NA;8;TRUE;FALSE;FALSE;""
"LDOS";"Defence";"ITA";159,04;2,72;4;"SKIP";159,36;168,18;137,31;8;"SKIP";158,72;171,58;126,59;3;2;1;0,639;0,894;0,78;"S:2/6 BK:1/4 | S1:- S2:- S3:- S4:- S5:+ S6:+ | BK1:- BK2:+ BK3:- BK4:-";42,1;44,9;2,9;-6,4;FALSE;1,7;-6,4;"";FALSE;FALSE;"SKIP";NA;NA;NA;NA;NA;"NO DATA";"NO DATA";NA;8;FALSE;FALSE;FALSE;""
"MO";"Consumer non cyclical";"XLP";64,42;2,3;5;"WATCH";64,55;65,89;61,18;7;"WATCH";64,29;67,23;56,95;2;2;0;0,662;1,09;0,68;"S:2/6 BK:0/4 | S1:- S2:+ S3:+ S4:- S5:- S6:- | BK1:- BK2:- BK3:- BK4:-";17,7;40,5;-14,2;-3,2;FALSE;0,63;0,5;"";FALSE;TRUE;"SKIP";NA;NA;NA;NA;NA;"NO DATA";"NO DATA";NA;8;TRUE;FALSE;FALSE;""
"MOS";"Agricultural";"MOO";23,73;5,36;3;"SKIP";23,78;26,96;15,82;8;"SKIP";23,68;27,51;14,13;0;0;0;0,689;1,097;0,95;"S:0/6 BK:0/4 | S1:- S2:- S3:- S4:- S5:- S6:- | BK1:- BK2:- BK3:- BK4:-";12,6;37,9;-12,4;-12,9;FALSE;0,42;-16,6;"";FALSE;FALSE;"SKIP";NA;NA;NA;NA;NA;"NO DATA";"NO DATA";NA;8;FALSE;FALSE;FALSE;""
"MU";"Technology";"XLK";456,23;5,85;8;"WATCH";457,14;400,11;599,71;4;"SKIP";455,32;408,2;573,12;5;2;3;1;1,256;0,75;"S:2/6 BK:3/4 | S1:+ S2:+ S3:- S4:- S5:- S6:- | BK1:+ BK2:+ BK3:+ BK4:-";24,5;63,2;8,7;12,9;FALSE;1,77;-7,6;"";TRUE;FALSE;"SKIP";NA;NA;NA;NA;NA;"NO DATA";"NO DATA";NA;8;TRUE;FALSE;FALSE;""
"NLR";"Energy";"XLE";144,94;3,49;8;"SKIP";145,23;138,85;161,19;3;"SKIP";144,65;141,65;152,15;8;4;4;0,733;0,835;1,53;"S:4/6 BK:4/4 | S1:+ S2:- S3:+ S4:+ S5:- S6:+ | BK1:+ BK2:+ BK3:+ BK4:+";18,6;60,8;9,1;3,3;TRUE;2,62;8,6;"";FALSE;TRUE;"SKIP";NA;NA;NA;NA;NA;"NO DATA";"NO DATA";NA;8;FALSE;FALSE;FALSE;""
"NTR";"Agricultural";"MOO";73,35;3,61;4;"SKIP";73,5;73,54;73,39;8;"SKIP";73,2;75,02;68,65;2;2;0;0,605;0,996;0,57;"S:2/6 BK:0/4 | S1:- S2:+ S3:- S4:- S5:+ S6:- | BK1:- BK2:- BK3:- BK4:-";16,1;45,8;-3,1;-1,3;FALSE;0,79;-6,7;"";FALSE;FALSE;"SKIP";39,1;35,7;95,8;90,5;3,4;"FAIL";"Backwardation";"20260323 09:29";8;FALSE;FALSE;FALSE;""
"NVDA";"Technology";"XLK";189,31;2,79;8;"WATCH";189,69;180,19;213,43;4;"SKIP";188,93;183,83;201,67;6;3;3;0,771;0,929;0,79;"S:3/6 BK:3/4 | S1:+ S2:- S3:- S4:+ S5:- S6:+ | BK1:+ BK2:+ BK3:+ BK4:-";20,7;62;12,6;4;TRUE;7,2;-1,4;"";TRUE;FALSE;"SKIP";NA;NA;NA;NA;NA;"NO DATA";"NO DATA";NA;8;TRUE;FALSE;FALSE;""
"OXY";"Energy";"XLE";55,83;4,28;7;"TRADE";55,94;54,55;59,43;5;"WATCH";55,72;55,65;55,89;5;5;0;0,583;1,078;0,63;"S:5/6 BK:0/4 | S1:+ S2:+ S3:+ S4:+ S5:+ S6:- | BK1:- BK2:- BK3:- BK4:-";30,9;40,7;-11,3;1,3;TRUE;0,4;1,4;"";FALSE;TRUE;"SKIP";39,7;44,2;88,5;84,1;-4,5;"PARTIAL";"Backwardation";"20260323 09:30";8;TRUE;TRUE;TRUE;""
"PLTR";"Technology";"XLK";142,15;5,4;3;"SKIP";142,43;142,18;143,07;8;"SKIP";141,87;145,05;133,9;1;1;0;1;0,902;0,97;"S:1/6 BK:0/4 | S1:- S2:- S3:- S4:- S5:- S6:+ | BK1:- BK2:- BK3:- BK4:-";24,3;48,4;5,7;-1;FALSE;0,87;-14,8;"";TRUE;FALSE;"SKIP";46,5;51;9,2;33,3;-4,5;"PASS";"Contango";"20260323 09:32";8;FALSE;TRUE;FALSE;""
"PNC";"Financial";"XLF";222,06;2,41;8;"WATCH";222,5;214,92;241,47;3;"SKIP";221,62;219,26;227,5;5;3;2;0,74;0,967;1,17;"S:3/6 BK:2/4 | S1:+ S2:- S3:+ S4:+ S5:- S6:- | BK1:- BK2:+ BK3:+ BK4:-";25,3;63,7;-2,4;2,3;TRUE;4,43;3,6;"";TRUE;FALSE;"SKIP";NA;NA;NA;NA;NA;"NO DATA";"NO DATA";NA;8;TRUE;FALSE;FALSE;""
"PSX";"Energy";"XLE";161,44;3,74;4;"SKIP";161,76;164,1;155,92;8;"WATCH";161,12;167,42;145,37;1;1;0;0,822;1,084;0,64;"S:1/6 BK:0/4 | S1:- S2:+ S3:- S4:- S5:- S6:- | BK1:- BK2:- BK3:- BK4:-";38,5;40,5;-3,8;-2,6;FALSE;0,49;-1,8;"";FALSE;TRUE;"SKIP";35,7;41,3;82,9;88,4;-5,6;"PARTIAL";"Backwardation";"20260414 18:45";8;TRUE;TRUE;TRUE;""
"RGLD";"Precious Metals";"GLD";270;3,74;8;"SKIP";270,54;263,45;288,27;4;"SKIP";269,46;268,77;271,18;5;2;3;0,695;1,232;0,66;"S:2/6 BK:3/4 | S1:+ S2:- S3:+ S4:- S5:- S6:- | BK1:+ BK2:+ BK3:+ BK4:-";24,6;57,4;0,1;1,5;FALSE;1,16;9,6;"";FALSE;FALSE;"SKIP";NA;NA;NA;NA;NA;"NO DATA";"NO DATA";NA;8;FALSE;FALSE;FALSE;""
"SCCO";"Basic Materials";"XLB";189,3;4,74;8;"WATCH";189,68;186,29;198,16;4;"SKIP";188,92;190,05;186,1;5;3;2;0,656;0,936;0,64;"S:3/6 BK:2/4 | S1:+ S2:- S3:+ S4:- S5:- S6:+ | BK1:- BK2:+ BK3:+ BK4:-";21,4;55,9;-0,9;0,6;FALSE;1,21;3,2;"";TRUE;FALSE;"SKIP";NA;NA;NA;NA;NA;"NO DATA";"NO DATA";NA;8;TRUE;FALSE;FALSE;""
"SCHW";"Financial";"XLF";100,27;2,51;8;"WATCH";100,47;94,72;114,86;3;"SKIP";100,07;96,63;108,67;7;4;3;1;0,837;1,19;"S:4/6 BK:3/4 | S1:+ S2:- S3:+ S4:+ S5:- S6:+ | BK1:+ BK2:+ BK3:+ BK4:-";18,5;63,8;6,6;4,8;TRUE;1,85;1,5;"";TRUE;FALSE;"SKIP";NA;NA;NA;NA;NA;"NO DATA";"NO DATA";NA;8;TRUE;FALSE;FALSE;""
"SHW";"Basic Materials";"XLB";328,84;2,76;4;"SKIP";329,5;335,75;313,86;8;"SKIP";328,18;342,54;292,3;2;1;1;0,561;1,012;0,93;"S:1/6 BK:1/4 | S1:- S2:- S3:- S4:- S5:+ S6:- | BK1:- BK2:- BK3:+ BK4:-";23;50,4;-6,2;-3;FALSE;0,78;-1,2;"";TRUE;FALSE;"SKIP";NA;NA;NA;NA;NA;"NO DATA";"NO DATA";NA;8;FALSE;FALSE;FALSE;""
"SLV";"Precious Metals";"GLD";71,84;4,59;8;"SKIP";71,98;70,95;74,57;3;"SKIP";71,7;72,38;69,98;8;5;3;0,503;0,69;0,57;"S:5/6 BK:3/4 | S1:+ S2:- S3:+ S4:+ S5:+ S6:+ | BK1:+ BK2:+ BK3:+ BK4:-";17;55,3;7,9;0,2;TRUE;1,46;4,3;"";FALSE;FALSE;"SKIP";68,8;71,9;85,1;84,9;-3,1;"FAIL";"Backwardation";"20260324 08:18";8;FALSE;FALSE;FALSE;""
"STNG";"Energy";"XLE";73,96;4,21;8;"SKIP";74,11;71,85;79,76;4;"SKIP";73,81;73,3;75,1;4;4;0;0,735;1,035;0,74;"S:4/6 BK:0/4 | S1:+ S2:+ S3:+ S4:+ S5:- S6:- | BK1:- BK2:- BK3:- BK4:-";23,5;50,9;-7,4;1,9;TRUE;0,86;16,3;"";FALSE;TRUE;"SKIP";46,8;40,2;77,7;63,1;6,6;"FAIL";"Contango";"20260323 09:34";8;FALSE;FALSE;FALSE;""
"SYY";"Consumer non cyclical";"XLP";74,09;2,95;5;"WATCH";74,24;82,21;54,31;8;"WATCH";73,94;83,87;49,12;3;1;2;0,685;1,379;1,21;"S:1/6 BK:2/4 | S1:- S2:- S3:- S4:+ S5:- S6:- | BK1:- BK2:+ BK3:- BK4:+";45,4;38,7;-0,1;-10,8;TRUE;2,33;-7,8;"";FALSE;TRUE;"SKIP";NA;NA;NA;NA;NA;"NO DATA";"NO DATA";NA;8;TRUE;FALSE;FALSE;""
"TFC";"Financial";"XLF";49,59;2,37;8;"WATCH";49,69;48,37;52,99;3;"SKIP";49,49;49,34;49,86;5;3;2;0,764;1,04;0,72;"S:3/6 BK:2/4 | S1:+ S2:- S3:+ S4:+ S5:- S6:- | BK1:- BK2:+ BK3:+ BK4:-";32;61,3;-3,4;1,5;TRUE;4,93;5,9;"";TRUE;FALSE;"SKIP";NA;NA;NA;NA;NA;"NO DATA";"NO DATA";NA;8;TRUE;FALSE;FALSE;""
"TGT";"Consumer non cyclical";"XLP";122,87;2,7;8;"SKIP";123,12;116,08;140,71;2;"SKIP";122,62;118,42;133,12;7;5;2;0,79;0,926;0,93;"S:5/6 BK:2/4 | S1:+ S2:+ S3:+ S4:+ S5:- S6:+ | BK1:- BK2:+ BK3:+ BK4:-";19,3;58,1;-4,4;4,8;TRUE;1,57;9,5;"";FALSE;TRUE;"SKIP";32,2;34;34;60,2;-1,8;"PASS";"Contango";"20260327 19:31";8;FALSE;TRUE;FALSE;""
"TMUS";"Communications";"XLC";190,19;2,68;4;"SKIP";190,57;207,26;148,84;8;"SKIP";189,81;211,45;135,71;1;1;0;0,773;0,984;0,96;"S:1/6 BK:0/4 | S1:- S2:+ S3:- S4:- S5:- S6:- | BK1:- BK2:- BK3:- BK4:-";38;27,3;-6,8;-9,2;FALSE;0,23;-12,6;"";FALSE;FALSE;"SKIP";NA;NA;NA;NA;NA;"NO DATA";"NO DATA";NA;8;FALSE;FALSE;FALSE;""
"TSLA";"Consumer cyclical";"XLY";391,95;3,98;7;"WATCH";392,73;387,19;406,59;5;"WATCH";391,17;395,01;381,55;5;1;4;0,792;1,083;1,67;"S:1/6 BK:4/4 | S1:+ S2:- S3:- S4:- S5:- S6:- | BK1:+ BK2:+ BK3:+ BK4:+";25,6;57,6;23,9;0,2;FALSE;1,27;-6,3;"";TRUE;FALSE;"SKIP";43,8;35,7;13,9;2,8;8,1;"FAIL";"NO DATA";"20260324 08:23";8;TRUE;FALSE;FALSE;""
"TSN";"Agricultural";"MOO";63,38;2,14;8;"SKIP";63,51;62,5;66,02;5;"SKIP";63,25;63,76;61,98;7;4;3;1;0,937;1,24;"S:4/6 BK:3/4 | S1:+ S2:- S3:+ S4:+ S5:- S6:+ | BK1:- BK2:+ BK3:+ BK4:+";21,1;50;-10,5;0,4;TRUE;1,32;3,2;"";FALSE;FALSE;"SKIP";NA;NA;NA;NA;NA;"NO DATA";"NO DATA";NA;8;FALSE;FALSE;FALSE;""
"UNP";"Industrial";"XLI";248,03;1,82;8;"WATCH";248,53;249,17;246,91;4;"SKIP";247,53;254,21;230,85;6;4;2;0,577;0,87;1,07;"S:4/6 BK:2/4 | S1:- S2:+ S3:- S4:+ S5:+ S6:+ | BK1:- BK2:+ BK3:+ BK4:-";27,3;52,1;-5,2;-1,5;TRUE;3,56;-0,5;"";TRUE;FALSE;"SKIP";NA;NA;NA;NA;NA;"NO DATA";"NO DATA";NA;8;TRUE;FALSE;FALSE;""
"URA";"Basic Materials";"XLB";54,84;4,2;8;"WATCH";54,95;50,7;65,58;3;"SKIP";54,73;51,72;62,26;8;4;4;0,899;0,795;1,51;"S:4/6 BK:4/4 | S1:+ S2:- S3:+ S4:+ S5:- S6:+ | BK1:+ BK2:+ BK3:+ BK4:+";15,9;64;8,6;7,1;TRUE;2,31;4,8;"";TRUE;FALSE;"SKIP";55,7;53;75,6;69;2,7;"FAIL";"Contango";"20260324 08:23";8;TRUE;FALSE;FALSE;""
"V";"Financial";"XLF";315,91;2,02;7;"WATCH";316,54;309,56;333,99;4;"SKIP";315,28;315,81;313,94;6;3;3;0,716;0,94;0,68;"S:3/6 BK:3/4 | S1:+ S2:- S3:- S4:+ S5:- S6:+ | BK1:+ BK2:+ BK3:+ BK4:-";19,7;59,3;7,2;1;TRUE;1,53;-2,9;"";TRUE;FALSE;"SKIP";25,9;23,8;82,8;73,4;2,1;"PARTIAL";"Contango";"20260324 08:24";8;TRUE;TRUE;TRUE;""
"WMT";"Consumer non cyclical";"XLP";124,76;2,28;8;"SKIP";125,01;124,42;126,49;3;"SKIP";124,51;126,93;118,46;5;4;1;0,966;0,841;0,9;"S:4/6 BK:1/4 | S1:- S2:+ S3:+ S4:+ S5:- S6:+ | BK1:- BK2:+ BK3:- BK4:-";14,3;50,1;-6,9;-0,7;TRUE;1,45;4;"";FALSE;TRUE;"SKIP";NA;NA;NA;NA;NA;"NO DATA";"NO DATA";NA;8;FALSE;FALSE;FALSE;""
"XOP";"Energy";"XLE";164,26;3,46;7;"TRADE";164,59;161,11;173,28;5;"WATCH";163,93;164,37;162,85;5;5;0;0,642;0,98;0,54;"S:5/6 BK:0/4 | S1:+ S2:+ S3:+ S4:+ S5:+ S6:- | BK1:- BK2:- BK3:- BK4:-";26,7;42,3;-7,9;0,9;TRUE;0,84;1,3;"";FALSE;TRUE;"SKIP";37,4;34;88;83,3;3,4;"FAIL";"Backwardation";"20260324 08:26";8;TRUE;FALSE;FALSE;""
"AEM";"Precious Metals";"GLD";214,4;4,05;7;"SKIP";214,83;211,24;223,8;3;"SKIP";213,97;215,51;210,13;6;4;2;0,594;1,094;0,62;"S:4/6 BK:2/4 | S1:+ S2:+ S3:+ S4:- S5:+ S6:- | BK1:- BK2:+ BK3:+ BK4:-";17,9;54,2;-2,9;0,5;FALSE;1,9;6,5;"";FALSE;FALSE;"SKIP";NA;NA;NA;NA;NA;"NO DATA";"NO DATA";NA;7;FALSE;FALSE;FALSE;""
"AGCO";"Agricultural";"MOO";115,27;3,55;4;"SKIP";115,5;123,34;95,89;7;"SKIP";115,04;125,84;88,05;4;3;1;0,451;0,935;1,72;"S:3/6 BK:1/4 | S1:- S2:+ S3:- S4:- S5:+ S6:+ | BK1:- BK2:- BK3:- BK4:+";23,1;43,4;-9,1;-7,5;FALSE;0,87;0;"";FALSE;FALSE;"SKIP";NA;NA;NA;NA;NA;"NO DATA";"NO DATA";NA;7;FALSE;FALSE;FALSE;""
"AIG";"Financial";"XLF";77,09;2,02;7;"WATCH";77,24;76,38;79,41;4;"SKIP";76,94;77,92;74,47;7;4;3;0,629;0,947;1,73;"S:4/6 BK:3/4 | S1:- S2:+ S3:- S4:+ S5:+ S6:+ | BK1:- BK2:+ BK3:+ BK4:+";22,9;53;-3;-0,1;TRUE;1,81;-4,7;"";TRUE;FALSE;"SKIP";27,8;25;77,3;67,9;2,8;"PARTIAL";"Contango";"20260323 13:54";7;TRUE;TRUE;TRUE;""
"AMGN";"Healthcare";"XLV";348,22;2,35;4;"SKIP";348,92;359,98;321,27;7;"SKIP";347,52;367,25;298,21;2;2;0;0,456;0,996;0,77;"S:2/6 BK:0/4 | S1:- S2:+ S3:- S4:- S5:+ S6:- | BK1:- BK2:- BK3:- BK4:-";17,5;44,2;-0,7;-4,2;FALSE;0,75;-2,3;"";FALSE;FALSE;"SKIP";31,3;25,8;84,6;52,8;5,5;"PARTIAL";"Contango";"20260323 09:08";7;FALSE;TRUE;FALSE;""
"BG";"Agricultural";"MOO";120;3,52;4;"SKIP";120,24;120,79;118,86;7;"SKIP";119,76;123,23;111,07;1;1;0;0,754;0,992;0,92;"S:1/6 BK:0/4 | S1:- S2:+ S3:- S4:- S5:- S6:- | BK1:- BK2:- BK3:- BK4:-";15,9;41,9;-15,6;-1,7;FALSE;0,74;-3,7;"";FALSE;FALSE;"SKIP";NA;NA;NA;NA;NA;"NO DATA";"NO DATA";NA;7;FALSE;FALSE;FALSE;""
"CF";"Agricultural";"MOO";120,81;5,92;5;"SKIP";121,05;111,93;143,86;7;"SKIP";120,57;114,19;136,51;3;3;0;0,644;1,151;0,45;"S:3/6 BK:0/4 | S1:+ S2:+ S3:- S4:- S5:+ S6:- | BK1:- BK2:- BK3:- BK4:-";21,8;48,7;-5;6,9;FALSE;0,97;-1;"";FALSE;FALSE;"SKIP";NA;NA;NA;NA;NA;"NO DATA";"NO DATA";NA;7;FALSE;FALSE;FALSE;""
"CVX";"Energy";"XLE";184,91;3,06;5;"WATCH";185,28;189,74;174,13;7;"WATCH";184,54;193,57;161,96;2;2;0;0,931;1,108;0,6;"S:2/6 BK:0/4 | S1:- S2:+ S3:- S4:+ S5:- S6:- | BK1:- BK2:- BK3:- BK4:-";27,1;37,1;-7;-3,5;TRUE;0,38;-1,9;"";FALSE;TRUE;"SKIP";30,3;21,9;93;46,8;8,4;"FAIL";"Backwardation";"20260323 09:15";7;TRUE;FALSE;FALSE;""
"DG";"Consumer cyclical";"XLY";121,56;3,61;5;"WATCH";121,8;135,44;87,72;7;"TRADE";121,32;138,17;79,17;3;2;1;0,371;1,052;0,84;"S:2/6 BK:1/4 | S1:- S2:- S3:- S4:+ S5:+ S6:- | BK1:- BK2:+ BK3:- BK4:-";40,2;43,6;2,2;-11,1;TRUE;1,33;-11,6;"";TRUE;FALSE;"SKIP";31,9;27,7;98,7;85,2;4,2;"FAIL";"Backwardation";"20260327 19:30";7;TRUE;FALSE;FALSE;""
"DOW";"Basic Materials";"XLB";38,84;4,65;6;"WATCH";38,92;34,96;48,82;5;"WATCH";38,76;35,66;46,51;4;4;0;0,531;0,998;0,63;"S:4/6 BK:0/4 | S1:+ S2:+ S3:+ S4:- S5:+ S6:- | BK1:- BK2:- BK3:- BK4:-";24,8;53,3;-3,6;10;FALSE;0,47;1,5;"";TRUE;FALSE;"SKIP";50,8;53,7;80,8;73,4;-2,8;"FAIL";"Backwardation";"20260324 08:01";7;TRUE;FALSE;FALSE;""
"DUOL";"Technology";"XLK";98,78;6,15;4;"SKIP";98,98;102,15;91,05;7;"SKIP";98,58;104,21;84,51;4;2;2;0,517;0,582;1,23;"S:2/6 BK:2/4 | S1:- S2:- S3:- S4:- S5:+ S6:+ | BK1:+ BK2:- BK3:- BK4:+";15,4;50,1;13,5;-4,3;FALSE;0,5;-11,8;"";TRUE;FALSE;"SKIP";NA;NA;NA;NA;NA;"NO DATA";"NO DATA";NA;7;FALSE;FALSE;FALSE;""
"DVN";"Energy";"XLE";45,23;3,82;5;"WATCH";45,32;45,66;44,47;7;"WATCH";45,14;46,59;41,53;2;2;0;0,727;1,135;0,45;"S:2/6 BK:0/4 | S1:- S2:+ S3:+ S4:- S5:- S6:- | BK1:- BK2:- BK3:- BK4:-";26,2;38,3;-12;-1,9;FALSE;0,39;0,1;"";FALSE;TRUE;"SKIP";NA;NA;NA;NA;NA;"NO DATA";"NO DATA";NA;7;TRUE;FALSE;FALSE;""
"FANG";"Energy";"XLE";185,87;3,59;6;"WATCH";186,24;179,44;203,24;7;"WATCH";185,5;183,07;191,58;3;3;0;0,734;1,03;0,96;"S:3/6 BK:0/4 | S1:+ S2:+ S3:+ S4:- S5:- S6:- | BK1:- BK2:- BK3:- BK4:-";22,4;47,2;-1;2,5;FALSE;0,65;4;"";FALSE;TRUE;"SKIP";NA;NA;NA;NA;NA;"NO DATA";"NO DATA";NA;7;TRUE;FALSE;FALSE;""
"FSM";"Precious Metals";"GLD";10,44;5,3;7;"SKIP";10,46;10,75;9,74;4;"SKIP";10,42;10,97;9,05;5;3;2;0,505;1,051;0,73;"S:3/6 BK:2/4 | S1:- S2:- S3:+ S4:+ S5:+ S6:- | BK1:- BK2:+ BK3:+ BK4:-";18,1;50,6;-2;-3,8;TRUE;1,94;5,5;"";FALSE;FALSE;"SKIP";NA;NA;NA;NA;NA;"NO DATA";"NO DATA";NA;7;FALSE;FALSE;FALSE;""
"GDX";"Precious Metals";"GLD";97,77;4,22;7;"SKIP";97,97;97,35;99,52;4;"SKIP";97,57;99,31;93,23;5;3;2;0,594;1,071;0,56;"S:3/6 BK:2/4 | S1:- S2:- S3:+ S4:+ S5:+ S6:- | BK1:- BK2:+ BK3:+ BK4:-";20,4;53,9;-2,3;-0,6;TRUE;2,05;8,2;"";FALSE;FALSE;"SKIP";NA;NA;NA;NA;NA;"NO DATA";"NO DATA";NA;7;FALSE;FALSE;FALSE;""
"HAL";"Energy";"XLE";37,54;3,46;7;"TRADE";37,62;35,74;42,3;5;"WATCH";37,46;36,46;39,97;3;3;0;0,769;1,112;0,52;"S:3/6 BK:0/4 | S1:+ S2:+ S3:+ S4:- S5:- S6:- | BK1:- BK2:- BK3:- BK4:-";24,8;51,7;-2,6;4;FALSE;0,58;10;"";FALSE;TRUE;"SKIP";42,5;36,8;84,8;30,2;5,7;"FAIL";"Backwardation";"20260323 09:19";7;TRUE;FALSE;FALSE;""
"HD";"Consumer cyclical";"XLY";338,91;2,65;5;"WATCH";339,59;351,6;309,55;6;"WATCH";338,23;358,71;287,04;4;2;2;0,347;1,033;0,8;"S:2/6 BK:2/4 | S1:- S2:- S3:- S4:+ S5:+ S6:- | BK1:- BK2:+ BK3:+ BK4:-";29,4;49,8;1,6;-4,6;TRUE;1,34;-5,2;"";TRUE;FALSE;"SKIP";28,5;29,9;80,8;87,7;-1,4;"PASS";"Contango";"20260324 08:04";7;TRUE;TRUE;TRUE;""
"HON";"Industrial";"XLI";232,19;2,11;4;"SKIP";232,65;232,68;232,6;7;"SKIP";231,73;237,38;217,59;4;3;1;0,6;0,947;0,97;"S:3/6 BK:1/4 | S1:- S2:+ S3:- S4:- S5:+ S6:+ | BK1:- BK2:- BK3:+ BK4:-";21;52;-1,9;-1,2;FALSE;0,76;-2,5;"";TRUE;FALSE;"SKIP";NA;NA;NA;NA;NA;"NO DATA";"NO DATA";NA;7;FALSE;FALSE;FALSE;""
"IPI";"Agricultural";"MOO";37,47;7,57;4;"SKIP";37,54;38,02;36,35;7;"SKIP";37,4;38,79;33,9;2;2;0;0,605;1,141;0,49;"S:2/6 BK:0/4 | S1:- S2:+ S3:- S4:- S5:+ S6:- | BK1:- BK2:- BK3:- BK4:-";15,7;43,3;-8,3;-2,4;FALSE;0,7;-9,6;"";FALSE;FALSE;"SKIP";NA;NA;NA;NA;NA;"NO DATA";"NO DATA";NA;7;FALSE;FALSE;FALSE;""
"IR";"Industrial";"XLI";83,39;3,8;6;"WATCH";83,56;87,48;73,75;7;"TRADE";83,22;89,25;68,16;5;3;2;0,546;0,776;1,92;"S:3/6 BK:2/4 | S1:- S2:- S3:- S4:+ S5:+ S6:+ | BK1:- BK2:+ BK3:- BK4:+";29,2;48,2;-4,8;-5,6;TRUE;1,21;-3,6;"";TRUE;FALSE;"SKIP";NA;NA;NA;NA;NA;"NO DATA";"NO DATA";NA;7;TRUE;FALSE;FALSE;""
"ITW";"Industrial";"XLI";264,39;2,32;5;"WATCH";264,92;274,36;241,32;7;"TRADE";263,86;279,9;223,76;4;3;1;0,461;0,888;1,08;"S:3/6 BK:1/4 | S1:- S2:+ S3:- S4:- S5:+ S6:+ | BK1:- BK2:+ BK3:- BK4:-";35,8;45,9;-7,7;-4,6;FALSE;1,79;-4,1;"";TRUE;FALSE;"SKIP";NA;NA;NA;NA;NA;"NO DATA";"NO DATA";NA;7;TRUE;FALSE;FALSE;""
"JNJ";"Healthcare";"XLV";238,67;1,88;5;"SKIP";239,15;238,88;239,81;7;"SKIP";238,19;243,71;224,41;3;3;0;0,769;0,921;0,85;"S:3/6 BK:0/4 | S1:- S2:+ S3:+ S4:- S5:- S6:+ | BK1:- BK2:- BK3:- BK4:-";18,1;47,2;-5,2;-1,1;FALSE;0,56;1,5;"";FALSE;FALSE;"SKIP";28,7;18,4;98,5;54;10,3;"FAIL";"Backwardation";"20260323 09:21";7;FALSE;FALSE;FALSE;""
"KTOS";"Defence";"ITA";74,66;7,44;5;"SKIP";74,81;84,3;51,07;7;"SKIP";74,51;86,01;45,77;2;1;1;0,771;0,906;0,91;"S:1/6 BK:1/4 | S1:- S2:- S3:- S4:- S5:- S6:+ | BK1:- BK2:+ BK3:- BK4:-";22,8;46;2,5;-12,3;FALSE;1,25;-22,1;"";FALSE;FALSE;"SKIP";NA;NA;NA;NA;NA;"NO DATA";"NO DATA";NA;7;FALSE;FALSE;FALSE;""
"LIN";"Basic Materials";"XLB";497,94;2,01;6;"WATCH";498,94;484,32;535,49;5;"WATCH";496,94;494,1;504,05;3;3;0;0,906;0,9;0,63;"S:3/6 BK:0/4 | S1:+ S2:+ S3:- S4:- S5:- S6:+ | BK1:- BK2:- BK3:- BK4:-";11,3;52,7;-4,4;1,8;FALSE;0,86;-3;"";TRUE;FALSE;"SKIP";23,5;22,5;84,3;84,5;1;"PARTIAL";"Contango";"20260323 09:25";7;TRUE;TRUE;TRUE;""
"LULU";"Consumer non cyclical";"XLP";162,74;3,98;6;"WATCH";163,07;166,06;155,59;5;"WATCH";162,41;169,41;144,92;4;2;2;0,524;1,08;0,68;"S:2/6 BK:2/4 | S1:- S2:- S3:+ S4:- S5:+ S6:- | BK1:+ BK2:- BK3:+ BK4:-";18,1;50,7;3,9;-3;FALSE;1,05;6,5;"";FALSE;TRUE;"SKIP";41,6;42,4;41,5;46,4;-0,7;"PASS";"Contango";"20260324 08:08";7;TRUE;TRUE;TRUE;""
"LW";"Agricultural";"MOO";43,17;3,52;7;"SKIP";43,26;44,09;41,16;5;"SKIP";43,08;44,99;38,33;5;2;3;0,55;1,398;0,44;"S:2/6 BK:3/4 | S1:- S2:- S3:+ S4:- S5:+ S6:- | BK1:+ BK2:+ BK3:+ BK4:-";24,9;53,9;6,2;-3,1;FALSE;2,32;6,6;"";FALSE;FALSE;"SKIP";NA;NA;NA;NA;NA;"NO DATA";"NO DATA";NA;7;FALSE;FALSE;FALSE;""
"MDLZ";"Consumer non cyclical";"XLP";56,58;2,37;4;"SKIP";56,69;57,97;53,5;7;"WATCH";56,47;59,14;49,78;3;3;0;0,477;0,929;0,84;"S:3/6 BK:0/4 | S1:- S2:- S3:+ S4:- S5:+ S6:+ | BK1:- BK2:- BK3:- BK4:-";14,3;43,1;-12,6;-3,4;FALSE;0,78;2;"";FALSE;TRUE;"SKIP";NA;NA;NA;NA;NA;"NO DATA";"NO DATA";NA;7;TRUE;FALSE;FALSE;""
"MMM";"Industrial";"XLI";151,24;2,3;6;"WATCH";151,54;154,35;144,51;6;"WATCH";150,94;157,47;134,6;5;2;3;0,494;0,823;0,9;"S:2/6 BK:3/4 | S1:- S2:- S3:- S4:- S5:+ S6:+ | BK1:+ BK2:+ BK3:+ BK4:-";22,6;52,6;3,2;-3;FALSE;1,22;-1,3;"";TRUE;FALSE;"SKIP";NA;NA;NA;NA;NA;"NO DATA";"NO DATA";NA;7;TRUE;FALSE;FALSE;""
"MPC";"Energy";"XLE";223,03;3,83;6;"WATCH";223,48;217,07;239,48;6;"WATCH";222,58;221,46;225,39;4;4;0;0,593;1,007;0,57;"S:4/6 BK:0/4 | S1:+ S2:+ S3:+ S4:- S5:+ S6:- | BK1:- BK2:- BK3:- BK4:-";29,4;44,5;-6,3;1,7;FALSE;0,37;0,3;"";FALSE;TRUE;"SKIP";NA;NA;NA;NA;NA;"NO DATA";"NO DATA";NA;7;TRUE;FALSE;FALSE;""
"MSFT";"Technology";"XLK";411,22;2,39;7;"WATCH";412,04;388;472,16;5;"WATCH";410,4;395,83;446,81;6;2;4;1;0,93;1,34;"S:2/6 BK:4/4 | S1:+ S2:- S3:- S4:- S5:- S6:+ | BK1:+ BK2:+ BK3:+ BK4:+";30,1;67,2;26,3;4,9;FALSE;1,4;-3,5;"";TRUE;FALSE;"SKIP";NA;NA;NA;NA;NA;"NO DATA";"NO DATA";NA;7;TRUE;FALSE;FALSE;""
"OR";"Consumer non cyclical";"XLP";40,13;4,49;7;"SKIP";40,21;40,36;39,84;4;"SKIP";40,05;41,17;37,24;5;3;2;0,646;1,117;0,45;"S:3/6 BK:2/4 | S1:- S2:- S3:+ S4:+ S5:+ S6:- | BK1:- BK2:+ BK3:+ BK4:-";19,7;54;-0,3;-1,6;TRUE;2,64;5,3;"";FALSE;TRUE;"SKIP";35,5;34,4;97,7;89;1;"FAIL";"Backwardation";"20260324 08:15";7;FALSE;FALSE;FALSE;""
"PEP";"Consumer non cyclical";"XLP";154,85;1,92;6;"WATCH";155,16;158,75;146,19;6;"WATCH";154,54;161,95;136,01;5;4;1;0,44;0,878;1,2;"S:4/6 BK:1/4 | S1:- S2:+ S3:+ S4:- S5:+ S6:+ | BK1:- BK2:- BK3:- BK4:+";17,3;46,6;-0,2;-3,4;FALSE;0,44;3,2;"";FALSE;TRUE;"SKIP";NA;NA;NA;NA;NA;"NO DATA";"NO DATA";NA;7;TRUE;FALSE;FALSE;""
"PFE";"Healthcare";"XLV";27,19;2,18;7;"SKIP";27,24;26,91;28,08;5;"SKIP";27,14;27,45;26,34;5;5;0;0,906;0,907;0,78;"S:5/6 BK:0/4 | S1:+ S2:+ S3:+ S4:+ S5:- S6:+ | BK1:- BK2:- BK3:- BK4:-";19,7;48,9;-2,4;0;TRUE;0,83;0,3;"";FALSE;FALSE;"SKIP";26,3;24;72,8;45,6;2,3;"PARTIAL";"Contango";"20260323 09:31";7;FALSE;TRUE;FALSE;""
"QCOM";"Technology";"XLK";133,05;2,63;6;"WATCH";133,32;133,76;132,21;6;"WATCH";132,78;136,46;123,59;4;1;3;0,495;1,097;0,74;"S:1/6 BK:3/4 | S1:- S2:- S3:- S4:- S5:+ S6:- | BK1:+ BK2:+ BK3:+ BK4:-";22,5;54,2;14;-1,5;FALSE;1,58;-5,3;"";TRUE;FALSE;"SKIP";NA;NA;NA;NA;NA;"NO DATA";"NO DATA";NA;7;TRUE;FALSE;FALSE;""
"RIG";"Energy";"XLE";6,15;5,08;5;"WATCH";6,16;6,21;6,04;6;"WATCH";6,14;6,34;5,64;3;3;0;0,814;0,689;0,76;"S:3/6 BK:0/4 | S1:- S2:+ S3:- S4:+ S5:- S6:+ | BK1:- BK2:- BK3:- BK4:-";24,9;42,9;-14,7;-2;TRUE;0,97;-1,8;"";FALSE;TRUE;"SKIP";NA;NA;NA;NA;NA;"NO DATA";"NO DATA";NA;7;TRUE;FALSE;FALSE;""
"RTX";"Defence";"ITA";198,39;2,32;5;"SKIP";198,79;198,55;199,38;7;"SKIP";197,99;202,56;186,57;2;2;0;0,751;0,737;1,03;"S:2/6 BK:0/4 | S1:- S2:+ S3:- S4:- S5:- S6:+ | BK1:- BK2:- BK3:- BK4:-";20,1;48,5;-8,9;-1,1;FALSE;1,09;-2,9;"";FALSE;FALSE;"SKIP";NA;NA;NA;NA;NA;"NO DATA";"NO DATA";NA;7;FALSE;FALSE;FALSE;""
"SNPS";"Technology";"XLK";438,45;3,75;7;"WATCH";439,33;417,07;494,96;5;"WATCH";437,57;425,5;467,76;5;2;3;0,834;0,814;1,11;"S:2/6 BK:3/4 | S1:+ S2:- S3:- S4:- S5:- S6:+ | BK1:+ BK2:+ BK3:+ BK4:-";20,6;60;12,1;4,1;FALSE;2,42;-4,3;"";TRUE;FALSE;"SKIP";NA;NA;NA;NA;NA;"NO DATA";"NO DATA";NA;7;TRUE;FALSE;FALSE;""
"T";"Communications";"XLC";25,46;2,59;5;"SKIP";25,51;27,6;20,29;7;"SKIP";25,41;28,16;18,54;2;2;0;1;1,034;0,77;"S:2/6 BK:0/4 | S1:- S2:+ S3:- S4:+ S5:- S6:- | BK1:- BK2:- BK3:- BK4:-";37,1;26,6;-13,9;-8,7;TRUE;0,26;-10,3;"";FALSE;FALSE;"SKIP";29;24,2;93;47,2;4,8;"FAIL";"Backwardation";"20260324 08:21";7;FALSE;FALSE;FALSE;""
"TXT";"Defence";"ITA";90,49;2,52;7;"SKIP";90,67;92,48;86,15;6;"SKIP";90,31;94,35;80,21;5;4;1;0,484;0,894;0,87;"S:4/6 BK:1/4 | S1:- S2:+ S3:- S4:+ S5:+ S6:+ | BK1:- BK2:+ BK3:- BK4:-";26,2;48,2;-3,8;-3,1;TRUE;1,17;-1,6;"";FALSE;FALSE;"SKIP";NA;NA;NA;NA;NA;"NO DATA";"NO DATA";NA;7;FALSE;FALSE;FALSE;""
"UPS";"Industrial";"XLI";103,57;2,38;7;"WATCH";103,78;105,07;100,55;5;"WATCH";103,36;107,19;93,79;5;2;3;0,418;1,011;0,8;"S:2/6 BK:3/4 | S1:- S2:- S3:+ S4:- S5:+ S6:- | BK1:+ BK2:+ BK3:+ BK4:-";20,8;58,6;8,8;-2,4;FALSE;3,78;3,1;"";TRUE;FALSE;"SKIP";NA;NA;NA;NA;NA;"NO DATA";"NO DATA";NA;7;TRUE;FALSE;FALSE;""
"WFC";"Financial";"XLF";80,29;3,02;5;"WATCH";80,45;82,25;75,96;7;"TRADE";80,13;83,91;70,68;3;2;1;0,782;0,982;1,85;"S:2/6 BK:1/4 | S1:- S2:- S3:+ S4:+ S5:- S6:- | BK1:- BK2:- BK3:- BK4:+";21;46,3;-16,1;-3,4;TRUE;0,89;0,1;"";TRUE;FALSE;"SKIP";NA;NA;NA;NA;NA;"NO DATA";"NO DATA";NA;7;TRUE;FALSE;FALSE;""
"WMB";"Energy";"XLE";70,76;2,47;5;"WATCH";70,9;71,86;68,51;6;"WATCH";70,62;73,31;63,89;3;3;0;0,785;0,875;0,72;"S:3/6 BK:0/4 | S1:- S2:+ S3:+ S4:- S5:- S6:+ | BK1:- BK2:- BK3:- BK4:-";14,5;40;-10,9;-2,5;FALSE;0,36;0,7;"";FALSE;TRUE;"SKIP";NA;NA;NA;NA;NA;"NO DATA";"NO DATA";NA;7;TRUE;FALSE;FALSE;""
"XOM";"Energy";"XLE";149,01;3,45;5;"WATCH";149,31;153,02;140,03;7;"WATCH";148,71;156,11;130,21;2;2;0;0,991;1,094;0,61;"S:2/6 BK:0/4 | S1:- S2:+ S3:- S4:+ S5:- S6:- | BK1:- BK2:- BK3:- BK4:-";23,9;37,5;-8,9;-3,6;TRUE;0,34;-1,5;"";FALSE;TRUE;"SKIP";NA;NA;NA;NA;NA;"NO DATA";"NO DATA";NA;7;TRUE;FALSE;FALSE;""
"APD";"Basic Materials";"XLB";295,21;2,21;5;"WATCH";295,8;282,44;329,19;4;"SKIP";294,62;288,15;310,8;4;3;1;0,739;0,915;0,8;"S:3/6 BK:1/4 | S1:+ S2:+ S3:- S4:- S5:- S6:+ | BK1:- BK2:- BK3:+ BK4:-";15,8;58,9;-4,8;3,5;FALSE;0,96;-0,6;"";TRUE;FALSE;"SKIP";NA;NA;NA;NA;NA;"NO DATA";"NO DATA";NA;6;TRUE;FALSE;FALSE;""
"AVAV";"Defence";"ITA";198,42;6,25;6;"SKIP";198,82;220,33;145,02;5;"SKIP";198,02;224,79;131,12;4;3;1;0,369;0,68;0,71;"S:3/6 BK:1/4 | S1:- S2:- S3:- S4:+ S5:+ S6:+ | BK1:- BK2:+ BK3:- BK4:-";21,1;48,1;9,9;-10,8;TRUE;4,03;-11,3;"";FALSE;FALSE;"SKIP";NA;NA;NA;NA;NA;"NO DATA";"NO DATA";NA;6;FALSE;FALSE;FALSE;""
"BKR";"Energy";"XLE";60,07;3,2;6;"WATCH";60,19;60,3;59,93;6;"WATCH";59,95;61,51;56,04;5;5;0;0,638;0,94;0,84;"S:5/6 BK:0/4 | S1:- S2:+ S3:+ S4:+ S5:+ S6:+ | BK1:- BK2:- BK3:- BK4:-";19,4;46,1;-13,6;-1,4;TRUE;0,87;10,1;"";FALSE;TRUE;"SKIP";NA;NA;NA;NA;NA;"NO DATA";"NO DATA";NA;6;TRUE;FALSE;FALSE;""
"CDE";"Precious Metals";"GLD";19,67;6,92;6;"SKIP";19,71;21,03;16,4;6;"SKIP";19,63;21,46;15,06;3;2;1;0,48;1,331;0,55;"S:2/6 BK:1/4 | S1:- S2:- S3:- S4:+ S5:+ S6:- | BK1:- BK2:+ BK3:- BK4:-";18,6;48,7;-1;-7,4;TRUE;2,2;-2,4;"";FALSE;FALSE;"SKIP";NA;NA;NA;NA;NA;"NO DATA";"NO DATA";NA;6;FALSE;FALSE;FALSE;""
"CTVA";"Agricultural";"MOO";81,32;2,25;6;"SKIP";81,48;78,23;89,62;6;"SKIP";81,16;79,81;84,54;3;3;0;0,825;1,003;0,76;"S:3/6 BK:0/4 | S1:+ S2:+ S3:+ S4:- S5:- S6:- | BK1:- BK2:- BK3:- BK4:-";28;49,3;-12,2;2,9;FALSE;0,62;2,6;"";FALSE;FALSE;"SKIP";NA;NA;NA;NA;NA;"NO DATA";"NO DATA";NA;6;FALSE;FALSE;FALSE;""
"EQX";"Precious Metals";"GLD";15,09;5,4;6;"SKIP";15,12;15,18;14,98;4;"SKIP";15,06;15,48;14;5;3;2;0,563;1,061;0,57;"S:3/6 BK:2/4 | S1:- S2:- S3:+ S4:+ S5:+ S6:- | BK1:- BK2:+ BK3:+ BK4:-";19,1;52,8;-2,5;-1,6;TRUE;1,51;8,5;"";FALSE;FALSE;"SKIP";NA;NA;NA;NA;NA;"NO DATA";"NO DATA";NA;6;FALSE;FALSE;FALSE;""
"HL";"Precious Metals";"GLD";19,12;6,09;6;"SKIP";19,16;20,59;15,57;6;"SKIP";19,08;21,01;14,27;4;3;1;0,536;0,861;0,81;"S:3/6 BK:1/4 | S1:- S2:- S3:+ S4:- S5:+ S6:+ | BK1:- BK2:+ BK3:- BK4:-";18,5;46,8;-2,5;-8,1;FALSE;1,7;1,5;"";FALSE;FALSE;"SKIP";NA;NA;NA;NA;NA;"NO DATA";"NO DATA";NA;6;FALSE;FALSE;FALSE;""
"ISRG";"Healthcare";"XLV";468,36;2,5;6;"SKIP";469,3;475,54;453,68;5;"SKIP";467,42;485,15;423,1;4;3;1;0,643;0,923;1,14;"S:3/6 BK:1/4 | S1:- S2:- S3:- S4:+ S5:+ S6:+ | BK1:- BK2:+ BK3:- BK4:-";24,1;49,3;7,2;-2,5;TRUE;2,62;-1,7;"";FALSE;FALSE;"SKIP";NA;NA;NA;NA;NA;"NO DATA";"NO DATA";NA;6;FALSE;FALSE;FALSE;""
"KO";"Consumer non cyclical";"XLP";75,31;1,74;5;"WATCH";75,46;76,83;72,03;5;"WATCH";75,16;78,38;67,1;4;4;0;0,532;0,861;1,08;"S:4/6 BK:0/4 | S1:- S2:+ S3:+ S4:- S5:+ S6:+ | BK1:- BK2:- BK3:- BK4:-";19,2;43;-11,3;-3;FALSE;1;1,4;"";FALSE;TRUE;"SKIP";21,1;17,7;93;63,9;3,4;"PARTIAL";"Contango";"20260323 09:23";6;TRUE;TRUE;TRUE;""
"MRK";"Healthcare";"XLV";117,9;2,41;5;"SKIP";118,14;117,93;118,64;6;"SKIP";117,66;120,32;111,03;3;3;0;0,908;0,899;0,78;"S:3/6 BK:0/4 | S1:- S2:+ S3:+ S4:- S5:- S6:+ | BK1:- BK2:- BK3:- BK4:-";14,4;46,3;-18,1;-1;FALSE;0,36;3;"";FALSE;FALSE;"SKIP";31,7;25;67,7;28,2;6,7;"PARTIAL";"Contango";"20260323 09:26";6;FALSE;TRUE;FALSE;""
"NEM";"Basic Materials";"XLB";113,04;4,38;6;"WATCH";113,27;114,16;111,04;6;"WATCH";112,81;116,46;103,69;2;1;1;0,735;1,123;0,79;"S:1/6 BK:1/4 | S1:- S2:- S3:- S4:+ S5:- S6:- | BK1:- BK2:+ BK3:- BK4:-";23,1;50;-10,2;-2;TRUE;2,57;-2;"";TRUE;FALSE;"SKIP";54,2;58,8;89,5;95,6;-4,6;"FAIL";"Backwardation";"20260323 09:27";6;TRUE;FALSE;FALSE;""
"SMG";"Agricultural";"MOO";62,62;4,29;6;"SKIP";62,75;64,56;58,21;6;"SKIP";62,49;65,86;54,08;3;2;1;0,665;1,109;0,95;"S:2/6 BK:1/4 | S1:- S2:- S3:+ S4:+ S5:- S6:- | BK1:- BK2:+ BK3:- BK4:-";18,3;48,3;-1,7;-4;TRUE;2,42;1,6;"";FALSE;FALSE;"SKIP";NA;NA;NA;NA;NA;"NO DATA";"NO DATA";NA;6;FALSE;FALSE;FALSE;""
"SU";"Industrial";"XLI";62,97;2,99;6;"WATCH";63,1;59,13;73,01;6;"WATCH";62,84;60,33;69,14;4;4;0;0,522;0,972;0,44;"S:4/6 BK:0/4 | S1:+ S2:+ S3:- S4:+ S5:+ S6:- | BK1:- BK2:- BK3:- BK4:-";29,6;50,7;-9,5;5,4;TRUE;0,83;-0,1;"";TRUE;FALSE;"SKIP";40,8;41,9;96,4;82,9;-1,1;"FAIL";"Backwardation";"20260324 08:20";6;TRUE;FALSE;FALSE;""
"VLO";"Energy";"XLE";235;3,9;6;"WATCH";235,47;220,62;272,59;6;"WATCH";234,53;225,08;258,16;4;4;0;0,442;1,168;0,51;"S:4/6 BK:0/4 | S1:+ S2:+ S3:+ S4:- S5:+ S6:- | BK1:- BK2:- BK3:- BK4:-";24,6;49,8;-4,2;5,5;FALSE;0,69;4,3;"";FALSE;TRUE;"SKIP";42,3;40,6;89,2;72,9;1,6;"FAIL";"Contango";"20260326 01:03";6;TRUE;FALSE;FALSE;""
"PAAS";"Precious Metals";"GLD";57,34;4,77;5;"SKIP";57,45;56,97;58,67;5;"SKIP";57,23;58,12;54,98;5;3;2;0,608;0,942;0,58;"S:3/6 BK:2/4 | S1:- S2:- S3:+ S4:- S5:+ S6:+ | BK1:- BK2:+ BK3:+ BK4:-";13,9;54;-1;-0,4;FALSE;2,93;6,8;"";FALSE;FALSE;"SKIP";NA;NA;NA;NA;NA;"NO DATA";"NO DATA";NA;5;FALSE;FALSE;FALSE;""
"SAIC";"Defence";"ITA";96,2;3,45;5;"SKIP";96,39;92,83;105,3;5;"SKIP";96,01;94,71;99,26;4;4;0;0,645;0,871;0,89;"S:4/6 BK:0/4 | S1:+ S2:- S3:+ S4:- S5:+ S6:+ | BK1:- BK2:- BK3:- BK4:-";16;50,9;-3;2,6;FALSE;0,95;1,2;"";FALSE;FALSE;"SKIP";NA;NA;NA;NA;NA;"NO DATA";"NO DATA";NA;5;FALSE;FALSE;FALSE;""
"MA";"Financial";"XLF";519,96;2,14;NA;"SKIP";NA;NA;NA;4;"SKIP";518,92;518,14;520,87;NA;NA;NA;NA;NA;NA;"";19;58,7;7;1,4;TRUE;1,27;-2,6;"";TRUE;FALSE;"SKIP";21,8;17,4;61;33,1;4,4;"PARTIAL";"Contango";"20260106 17:39";4;FALSE;TRUE;FALSE;""
"TMO";"Healthcare";"XLV";531,67;2,7;NA;"SKIP";NA;NA;NA;3;"SKIP";530,61;510,15;581,74;NA;NA;NA;NA;NA;NA;"";22,4;65,7;11,1;5,3;TRUE;1,79;13,7;"";FALSE;FALSE;"SKIP";NA;NA;NA;NA;NA;"NO DATA";"NO DATA";NA;3;FALSE;FALSE;FALSE;""
